Directory,Photo,Suffix,Year,Month,Day,Left,Right,Top,Bottom,Width,Height
Berberichs/E01,E01-0082,.jpg,0,0,0,5570,13434,31812,41463,600,618
Berberichs/E02,E02-0166,.jpg,0,0,0,17789,20099,25776,29708,851,600
Berberichs/E02,E02-0170,.jpg,0,0,0,35556,37957,22281,26323,846,600
Berberichs/E02,E02-0172,.jpg,0,0,0,7452,16441,1420,16820,853,600
Berberichs/E05,E05-0467,.jpg,0,0,0,22937,32658,4114,11975,600,892
Berberichs/F03,F03-0225,.jpg,0,0,0,25558,47621,9688,28829,600,832
Berberichs/F04,F04-0342,.jpg,0,0,0,23054,29857,24248,35935,867,600
Berberichs/F09,F09-0873,.jpg,0,0,0,29163,42816,24737,36231,600,861
Berberichs/F09,F09-0885,.jpg,0,0,0,44454,52428,19190,25865,600,864
Berberichs/F10,F10-0904,.jpg,0,0,0,9894,17962,25667,39539,861,600
Berberichs/F20,F20-1999,.jpg,0,0,0,42666,50192,26869,40413,897,600
Books/ArtOHara,ArtOHara_P11,.png,0,0,0,40234,43351,11296,14410,904,905
Books/ArtOHara,ArtOHara_P15,.png,0,0,0,49325,50894,3829,6092,906,907
Books/ArtOHara,ArtOHara_P20,.png,0,0,0,39291,44627,5479,10814,909,909
Books/ArtOHara,ArtOHara_P26,.png,0,0,0,32949,34690,11102,12833,903,909
Books/BobRita60,BobRita60_P12,.png,0,0,0,23890,25771,10057,12492,801,619
Books/BobRita60,BobRita60_P13,.png,0,0,0,53211,55496,46491,49470,803,616
Books/BobRita60,BobRita60_P20,.png,0,0,0,16688,19293,4411,7771,805,624
Books/BobRita60,BobRita60_P21,.png,0,0,0,13775,16710,15593,19386,804,622
Books/BobRita60,BobRita60_P41,.png,0,0,0,28658,30247,23928,25982,949,734
Books/DaisyAndSteve,DaisyAndSteve_P31,.png,0,0,0,37540,42028,9915,15864,920,694
Books/DaisyAndSteve,DaisyAndSteve_P32,.png,0,0,0,3673,7019,38207,44647,919,693
Books/Family2011,Family2011_P23,.png,0,0,0,58072,59873,45055,47153,764,656
Books/Family2011,Family2011_P25,.png,0,0,0,4032,6090,25953,28358,764,654
Books/Germany1995,Germany1995_ZBack,.png,0,0,0,20096,24898,21355,26125,887,893
Books/JeanneOHara,JeanneOHara_P15,.png,0,0,0,2396,4568,13546,15670,875,895
Books/JeanneOHara,JeanneOHara_P26,.png,0,0,0,28321,30637,5660,7910,877,903
Books/LanceShelby,LanceShelby_P13,.png,0,0,0,59852,62585,47436,51056,911,688
Books/MaryHarryOHara,MaryHarryOHara_P22,.png,0,0,0,3888,5580,41730,44101,910,691
Books/MaryHarryOHara,MaryHarryOHara_P23,.png,0,0,0,19790,23270,44734,49293,904,690
Books/ShaneJamie,ShaneJamie_P27,.png,0,0,0,41164,43165,21372,24019,917,693
Books/ShaneJamie,ShaneJamie_P37,.png,0,0,0,50532,54193,32720,37529,913,695
Books/ShaneJamie,ShaneJamie_P39,.png,0,0,0,52948,55194,17633,20839,919,695
Books/Year2018,Year2018_P22,.png,0,0,0,44805,46914,35111,37885,901,685
Books/Year2019,Year2019_P18,.png,2019,0,0,55267,57889,31007,34431,900,689
Jeanne_Photos/Christmas_cards,ximg20190126_10164197,.jpg,0,0,0,10296,15123,15182,20534,611,600
Jeanne_Photos/fiftieth,2001-06-11_Fiftieth_01,.jpg,2001,6,11,26553,29718,17257,22609,849,600
Jeanne_Photos/fiftieth,2001-06-11_Fiftieth_06,.jpg,2001,6,11,0,7359,12560,25121,846,600
Jeanne_Photos/fiftieth,2001-06-11_Fiftieth_09,.jpg,2001,6,11,15786,17942,31020,34078,851,600
Jeanne_Photos/fiftieth,2001-06-11_Fiftieth_23,.jpg,2001,6,11,35958,39305,21953,27633,842,600
Jeanne_Photos/fiftieth,2001-06_img20190120_01125551,.jpg,2001,6,0,6662,17585,2467,11249,600,903
Jeanne_Photos/fiftieth,2001-06_img20190120_01140873,.jpg,2001,6,0,16754,21795,23046,31893,884,600
Jeanne_Photos/fiftieth,2001-06_img20190120_01144078,.jpg,2001,6,0,11689,16219,31238,39320,897,600
Jeanne_Photos/fiftieth,2001-06_img20190120_01171572,.jpg,2001,6,0,48053,54563,19660,31347,896,600
Jeanne_Photos/germany,1995-07_img20190120_18190686x,.jpg,1995,7,0,21008,26532,10922,19442,783,600
Jeanne_Photos/germany,1995-08-01_img20190120_18093501x,.jpg,1995,8,1,13434,19988,6537,12209,600,832
Jeanne_Photos/harry,1986-03_img20190120_19444774,.jpg,1986,3,0,21672,31907,21845,37464,762,600
Jeanne_Photos/harry,1986-06_img20190120_19452131,.jpg,1986,6,0,45563,55333,21517,36153,758,600
Jeanne_Photos/harry,1987-04_pic04,.jpg,1997,4,0,12008,30827,9393,43034,895,600
Jeanne_Photos/harry,1987-04_pic06,.jpg,1997,4,0,24811,33201,17803,33094,906,600
Jeanne_Photos/harry,1987-04_pic07,.jpg,1997,4,0,23525,43397,12561,48277,897,600
Jeanne_Photos/harry,1987-04_pic14,.jpg,1997,4,0,24005,33945,22063,39758,890,600
Jeanne_Photos/harry,1987-04_pic15,.jpg,1997,4,0,24768,39291,15401,41177,889,600
Jeanne_Photos/harry,1997-04_img20190120_19175282,.jpg,1997,4,0,26539,33052,4369,14854,805,600
Jeanne_Photos/harry,1999-02_pic06,.jpg,1999,2,0,23233,35580,19441,41505,897,600
Jeanne_Photos/harry,2002-11-20_img20190120_08424767x,.jpg,2002,11,20,11184,20298,20752,35060,791,600
Jeanne_Photos/harry,2002-11-20_ximg20190120_19123991,.jpg,2002,11,20,35869,42170,12233,20643,676,600
Jeanne_Photos/harry,2004-11_Harry_running_gear,.jpg,2004,11,0,22828,33204,2879,12446,600,774
Jeanne_Photos/harry,img20190119_14223901,.jpg,0,0,0,7427,23920,16198,35361,600,619
Jeanne_Photos/harry,img20190119_14261090,.jpg,0,0,0,31457,50025,12050,33613,600,620
Jeanne_Photos/harry,img20190120_00090898,.jpg,0,0,0,21844,34296,3867,13939,600,898
Jeanne_Photos/harry,img20190120_00302432,.jpg,0,0,0,27992,39802,24903,46202,899,600
Jeanne_Photos/harry,img20190120_00364655,.jpg,0,0,0,2424,10505,109,13106,892,600
Jeanne_Photos/harry,img20190120_00365485,.jpg,0,0,0,35063,44467,15728,32658,899,600
Jeanne_Photos/harry,img20190120_00384789,.jpg,0,0,0,14659,22933,8519,23483,903,600
Jeanne_Photos/harry,img20190120_08212038,.jpg,0,0,0,29596,33975,20752,28289,868,600
Jeanne_Photos/harry,img20190120_08212416,.jpg,0,0,0,29513,33902,20862,28289,866,600
Jeanne_Photos/harry,img20190120_17014417,.jpg,0,0,0,21408,28944,22914,29177,600,858
Jeanne_Photos/harry,img20190120_17015718,.jpg,0,0,0,41396,54284,14520,25546,600,844
Jeanne_Photos/harry,img20190120_19542512,.jpg,0,0,0,12014,58872,4669,46212,600,814
Jeanne_Photos/harry,img20190126_11040596,.jpg,0,0,0,20679,43590,4587,45110,881,600
Jeanne_Photos/harry,img20190126_11185986,.jpg,0,0,0,28552,31047,24029,27743,762,600
Jeanne_Photos/harry,img20190126_20162116,.jpg,0,0,0,25031,36781,21517,42598,898,600
Jeanne_Photos/harry,img20190126_20163293,.jpg,0,0,0,37553,51215,21517,46092,897,600
Jeanne_Photos/lena_1,j19_img028,.jpg,0,0,0,43929,54764,13652,35279,1004,600
Jeanne_Photos/mix_01,1965-10_j11_img050,.jpg,0,0,0,33981,51151,4511,33331,729,523
Jeanne_Photos/mix_01,j11_img020,.jpg,0,0,0,26214,55704,1636,26961,600,841
Jeanne_Photos/mix_01,j11_img031,.jpg,0,0,0,14056,20479,5679,14854,704,600
Jeanne_Photos/mix_01,j11_img042,.jpg,0,0,0,17497,39687,19441,55923,824,600
Jeanne_Photos/mix_01,j11_img046,.jpg,0,0,0,28922,51073,19726,52085,693,600
Jeanne_Photos/mix_01,j11_img062,.jpg,0,0,0,17901,24722,546,8847,615,600
Jeanne_Photos/mix_01,j11_img063,.jpg,0,0,0,19935,48909,0,45765,812,600
Jeanne_Photos/mix_01,j11_img065,.jpg,0,0,0,20235,41160,18240,53956,855,600
Jeanne_Photos/mix_01,j11_img068,.jpg,0,0,0,14749,36388,19551,51663,742,600
Jeanne_Photos/mix_01,j11_img096,.jpg,0,0,0,13325,63131,3380,50798,600,756
Jeanne_Photos/mix_01,j11_img102,.jpg,0,0,0,14636,56688,731,49125,600,627
Jeanne_Photos/mix_02,1994-11_j12_img103104,.jpg,0,0,0,11796,16929,6444,11618,600,722
Jeanne_Photos/mix_02,j12_img012,.jpg,0,0,0,28151,32342,1529,9830,1001,600
Jeanne_Photos/mix_02,j12_img043_after_climbing_the_pyramid,.jpg,0,0,0,24138,40085,15701,27411,600,985
Jeanne_Photos/mix_02,j12_img057058,.jpg,0,0,0,24794,29599,10877,15552,600,729
Jeanne_Photos/mix_02,j12_img095096,.jpg,0,0,0,22937,32439,4707,14211,600,724
Jeanne_Photos/mix_02,j12_img131,.jpg,0,0,0,42431,57530,13980,44345,1007,600
Jeanne_Photos/mix_02,j12_img163,.jpg,0,0,0,32865,35424,13543,18568,999,600
Jeanne_Photos/mix_02,j12_img178,.jpg,0,0,0,29026,37089,8519,24903,1016,600
Jeanne_Photos/mix_02,j12_img183,.jpg,0,0,0,20643,30735,15837,36153,1000,600
Jeanne_Photos/mix_02,j12_img185,.jpg,0,0,0,39712,49825,16383,32767,972,600
Jeanne_Photos/mix_02,j12_img193,.jpg,0,0,0,37271,43799,19005,32112,1004,600
Jeanne_Photos/mix_03,j13_img023,.jpg,1980,8,29,4504,10910,24794,36699,931,600
Jeanne_Photos/mix_03,j13_img025,.jpg,0,0,0,29583,36773,23701,37354,957,600
Jeanne_Photos/mix_03,j13_img038,.jpg,0,0,0,41942,54940,16036,25963,600,944
Jeanne_Photos/mix_03,j13_img043,.jpg,0,0,0,13895,17835,20643,28289,948,600
Jeanne_Photos/mix_03,j13_img046,.jpg,0,0,0,25340,34842,18941,26200,600,948
Jeanne_Photos/mix_03,j13_img067,.jpg,0,0,0,26607,34864,26083,31300,600,965
Jeanne_Photos/mix_03,j13_img138,.jpg,1994,6,0,48275,55529,20324,34601,952,600
Jeanne_Photos/mix_03,j13_img172,.jpg,1994,4,0,17257,30036,26722,36339,600,954
Jeanne_Photos/mix_03,j13_img222,.jpg,1994,6,0,32906,39473,30692,43034,948,600
Jeanne_Photos/mix_03,j13_img233,.jpg,1991,12,0,27249,38966,10158,32658,962,600
Jeanne_Photos/mix_04,j14_img029,.jpg,0,0,0,27779,35913,29818,43580,854,600
Jeanne_Photos/mix_04,j14_img031_CMS_in_tree,.jpg,0,0,0,20534,32876,10542,21241,600,833
Jeanne_Photos/mix_04,j14_img035_Harry,.jpg,0,0,0,11665,24932,7091,18502,600,842
Jeanne_Photos/mix_04,j14_img078,.jpg,0,0,0,28617,37464,10614,18152,600,852
Jeanne_Photos/mix_04,j14_img080,.jpg,0,0,0,24884,33438,5133,20971,927,600
Jeanne_Photos/mix_04,j14_img082,.jpg,0,0,0,21870,27163,14635,23483,842,600
Jeanne_Photos/mix_05,j15_img104,.jpg,1980,0,0,13828,23970,24575,42051,853,600
Jeanne_Photos/mix_05,j15_img130,.jpg,0,0,0,34242,50005,12233,38775,844,600
Jeanne_Photos/mix_06,j16_img003,.jpg,1981,0,0,34386,48007,10376,29053,688,600
Jeanne_Photos/mix_06,j16_img048,.jpg,1981,0,0,34747,49101,18240,37355,662,600
Jeanne_Photos/mix_06,j16_img063,.jpg,0,0,0,33056,38002,16057,21845,600,607
Jeanne_Photos/mix_07,j17_img008,.jpg,0,0,0,22053,32141,22171,35620,625,600
Jeanne_Photos/mix_07,j17_img070,.jpg,0,0,0,46356,53638,9065,16820,639,600
Jeanne_Photos/mix_07,j17_img084_Emma_Christening,.jpg,0,0,0,18911,24893,15650,24698,711,600
Jeanne_Photos/mix_07,j17_img097,.jpg,0,0,0,28318,38764,14508,28773,632,600
Jeanne_Photos/mix_08,1952-04_j18_img074_Harry_New_Orleans,.jpg,1952,4,0,20799,28778,30322,39370,600,660
Jeanne_Photos/mix_08,j18_img001,.jpg,0,0,0,41318,50895,6007,24357,958,600
Jeanne_Photos/mix_08,j18_img004,.jpg,0,0,0,21953,36808,21142,32223,600,964
Jeanne_Photos/mix_08,j18_img022,.jpg,0,0,0,9768,17859,3822,18458,899,600
Jeanne_Photos/mix_08,j18_img030,.jpg,0,0,0,41796,49501,21845,34733,842,600
Jeanne_Photos/mix_08,j18_img034,.jpg,0,0,0,8046,13526,29262,34479,600,859
Jeanne_Photos/mix_08,j18_img038,.jpg,0,0,0,22278,37634,11687,40959,956,600
Jeanne_Photos/mix_08,j18_img039,.jpg,0,0,0,13871,34952,9632,29585,600,762
Jeanne_Photos/mix_08,j18_img045,.jpg,0,0,0,52456,61079,42488,55595,912,600
Jeanne_Photos/mix_08,j18_img046,.jpg,0,0,0,5438,28335,546,45328,976,600
Jeanne_Photos/mix_08,j18_img047,.jpg,0,0,0,12774,18605,20971,32003,944,600
Jeanne_Photos/mix_08,j18_img049,.jpg,0,0,0,28730,32632,25667,33094,974,600
Jeanne_Photos/mix_08,j18_img054055,.jpg,1954,2,0,21233,28132,13938,20133,600,794
Jeanne_Photos/mix_08,j18_img056,.jpg,0,0,0,24566,36218,18421,31463,659,600
Jeanne_Photos/mix_08,j18_img062,.jpg,0,0,0,17347,23129,20643,28398,680,600
Jeanne_Photos/mix_08,j18_img075,.jpg,0,0,0,17047,22273,12342,20206,765,600
Jeanne_Photos/mix_08,j18_img076,.jpg,0,0,0,16697,32526,33419,47439,600,710
Jeanne_Photos/mix_08,j18_img077,.jpg,0,0,0,5679,53301,92,48322,600,712
Jeanne_Photos/mix_08,j18_img078_Harry,.jpg,0,0,0,17037,24974,30892,39777,600,713
Jeanne_Photos/mix_08,j18_img079,.jpg,0,0,0,25445,32300,32278,37984,600,765
Jeanne_Photos/ohara,1997-05_pic01,.jpg,1997,5,0,35555,47503,20424,42160,905,600
Jeanne_Photos/ohara,img20190119_14055228,.jpg,0,0,0,18873,24575,15073,24466,816,600
Jeanne_Photos/ohara,img20190119_14224305,.jpg,0,0,0,46420,54503,9618,19131,600,620
Jeanne_Photos/ohara,img20190120_00262329,.jpg,0,0,0,27169,29451,25340,29490,919,600
Jeanne_Photos/ohara,img20190120_00273809,.jpg,0,0,0,25999,34880,18131,34405,915,600
Jeanne_Photos/ohara,img20190120_00294897,.jpg,0,0,0,35035,39570,21954,30146,896,600
Jeanne_Photos/ohara,img20190120_00300080,.jpg,0,0,0,37959,45959,29997,42184,901,600
Jeanne_Photos/ohara,img20190120_00301644,.jpg,0,0,0,0,10491,4368,30801,887,600
Jeanne_Photos/ohara,img20190120_00384403,.jpg,0,0,0,16402,24090,11140,24903,895,600
Jeanne_Photos/ohara,img20190120_08181792,.jpg,0,0,0,42081,51136,17367,33313,883,600
Jeanne_Photos/ohara,img20190126_11204733,.jpg,0,0,0,18478,24226,15182,24247,798,600
Jeanne_Photos/ohara,OHara_children_collage,.png,0,0,0,12463,22576,14745,28835,836,600
Jeanne_Photos/oxford,2003_img20190119_14303841,.jpg,2003,0,0,21299,28726,16647,25181,600,622
Jeanne_Photos/oxford,2003_img20190119_14304692,.jpg,2003,0,0,17367,23811,9664,16199,600,712
Jeanne_Photos/oxford,2003_img20190119_14313248,.jpg,2003,0,0,15182,22719,13975,22551,600,619
Jeanne_Photos/oxford,2003_img20190119_14314487,.jpg,2003,0,0,11687,18350,16596,24362,600,616
Jeanne_Photos/oxford,2003_img20190120_01095884,.jpg,2003,0,0,19796,23285,29490,34514,864,600
Jeanne_Photos/pix,1985-04_img20190120_19452527,.jpg,1985,4,0,41181,48453,19879,31129,775,600
Jeanne_Photos/pix,img20190120_08175454,.jpg,0,0,0,40464,48087,19005,32658,894,600
pre-1980-ohara/jeanne_1,j1_2_kids_on_scooter,.JPG,1954,0,0,23920,30473,30826,42233,400,270
pre-1980-ohara/jeanne_1,j1_baby1,.JPG,1952,0,0,32529,45114,12832,22455,276,429
pre-1980-ohara/jeanne_1,j1_baby10,.JPG,1953,0,0,20643,44563,455,40504,400,288
pre-1980-ohara/jeanne_1,j1_baby15,.JPG,1953,0,0,29490,46529,18234,31938,400,593
pre-1980-ohara/jeanne_1,j1_baby2,.JPG,0,0,0,20732,40512,12326,27930,275,420
pre-1980-ohara/jeanne_1,j1_baby3,.JPG,0,0,0,31939,48973,17845,31228,277,426
pre-1980-ohara/jeanne_1,j1_baby4,.JPG,0,0,0,12792,38572,9535,33297,333,433
pre-1980-ohara/jeanne_1,j1_baby5,.JPG,0,0,0,7208,34405,1764,26844,400,520
pre-1980-ohara/jeanne_1,j1_baby6,.JPG,0,0,0,25340,59855,9535,42476,300,378
pre-1980-ohara/jeanne_1,j1_baby7,.JPG,0,0,0,21189,52864,829,29698,300,395
pre-1980-ohara/jeanne_1,j1_baby8,.JPG,0,0,0,30801,48714,11826,25323,300,471
pre-1980-ohara/jeanne_1,j1_baby9,.JPG,0,0,0,22469,38571,12336,38807,350,255
pre-1980-ohara/jeanne_1,j1_baby_four,.JPG,1952,0,0,19442,64661,198,47661,300,330
pre-1980-ohara/jeanne_1,j1_chuck_art_harry,.JPG,0,0,0,36863,47512,27444,45898,400,277
pre-1980-ohara/jeanne_1,j1_chuck_harry_steve_matt_carolyn,.JPG,0,0,0,24684,36043,6025,24858,600,435
pre-1980-ohara/jeanne_1,j1_cousin_kids,.JPG,1952,0,0,56851,61602,5392,10784,400,316
pre-1980-ohara/jeanne_1,j1_grandpa_grandma_and_kids,.JPG,0,0,0,47273,55977,39631,55433,384,253
pre-1980-ohara/jeanne_1,j1_harry-1stgrade,.JPG,0,0,0,13035,58034,7590,45924,367,518
pre-1980-ohara/jeanne_1,j1_harry-kindergarten,.JPG,0,0,0,12451,56360,2680,38576,300,440
pre-1980-ohara/jeanne_1,j1_harry,.JPG,0,0,0,29621,59505,0,30980,250,275
pre-1980-ohara/jeanne_1,j1_harry1,.JPG,0,0,0,34952,58326,982,27245,300,267
pre-1980-ohara/jeanne_1,j1_harry2,.JPG,0,0,0,14199,48059,0,25665,300,406
pre-1980-ohara/jeanne_1,j1_harry4,.JPG,0,0,0,15892,32439,28641,59952,400,270
pre-1980-ohara/jeanne_1,j1_harry5,.JPG,0,0,0,19005,41942,5602,33955,400,386
pre-1980-ohara/jeanne_1,j1_harry6,.JPG,0,0,0,19660,32330,27896,43394,300,296
pre-1980-ohara/jeanne_1,j1_harry_and_chuck,.JPG,0,0,0,15539,24457,13670,30154,485,326
pre-1980-ohara/jeanne_1,j1_harry_and_chuck1,.JPG,0,0,0,16588,20202,34305,40692,399,277
pre-1980-ohara/jeanne_1,j1_harry_and_chuck3,.JPG,1952,0,0,22685,31621,24717,36962,286,289
pre-1980-ohara/jeanne_1,j1_harry_and_chuck_1954,.JPG,1954,0,0,42717,49065,26526,38228,382,252
pre-1980-ohara/jeanne_1,j1_harry_and_david_jun_64,.JPG,1964,6,0,18402,27979,24201,31629,349,547
pre-1980-ohara/jeanne_1,j1_harry_chuck_and_cousins1,.JPG,0,0,0,18513,31456,25505,36370,400,573
pre-1980-ohara/jeanne_1,j1_harry_on_scooter,.JPG,1952,0,0,30101,42486,27649,37767,381,557
pre-1980-ohara/jeanne_1,j1_harry_on_scooter1,.JPG,1952,0,0,28158,40393,0,16816,391,265
pre-1980-ohara/jeanne_1,j1_harry_on_scooter2,.JPG,1952,0,0,29806,42439,24089,40408,332,253
pre-1980-ohara/jeanne_1,j1_kids,.JPG,0,0,0,26377,32439,24607,35906,400,261
pre-1980-ohara/jeanne_1,j1_kid_and_woman,.JPG,1953,0,0,39009,44730,27384,31948,378,560
pre-1980-ohara/jeanne_1,j1_kid_on_scooter,.JPG,1952,0,0,21954,30473,6771,22006,400,271
pre-1980-ohara/jeanne_1,j1_martian,.JPG,1952,0,0,16711,39157,13958,52995,400,277
pre-1980-ohara/jeanne_1,j1_ohara_kids1,.JPG,0,0,0,50625,54066,9144,14805,400,301
pre-1980-ohara/jeanne_1,j1_ohara_kids3,.JPG,0,0,0,51444,55868,24394,30596,400,317
pre-1980-ohara/jeanne_1,j1_ohara_kids4,.JPG,0,0,0,50625,55704,12089,18663,400,309
pre-1980-ohara/jeanne_1,j1_ohara_kids5,.JPG,0,0,0,13926,23592,17570,34429,400,276
pre-1980-ohara/jeanne_1,j1_people_on_beach,.JPG,1952,0,0,24685,28617,35678,41006,600,529
pre-1980-ohara/jeanne_1,j1_steve_harry_and_chuck,.JPG,0,0,0,40244,44859,18547,26143,355,371
pre-1980-ohara/jeanne_1,j1_visit_to_new_orleans,.JPG,1952,0,0,20015,33298,26072,38757,370,465
pre-1980-ohara/jeanne_1,j1_visit_to_new_orleans1,.JPG,1952,0,0,29365,49777,18663,38181,366,460
pre-1980-ohara/jeanne_2,j2_2_kids2,.jpg,0,0,0,27306,38447,8778,27243,600,433
pre-1980-ohara/jeanne_2,j2_3_kids,.jpg,0,0,0,25686,36099,15291,25121,472,600
pre-1980-ohara/jeanne_2,j2_Art_and_3_kids,.jpg,1962,0,0,15946,19988,27117,34179,600,464
pre-1980-ohara/jeanne_2,j2_beach,.jpg,0,0,0,19551,25340,41246,50869,600,429
pre-1980-ohara/jeanne_2,j2_bunch_of_kids1,.jpg,0,0,0,43690,49916,19200,29990,600,413
pre-1980-ohara/jeanne_2,j2_bunch_of_people,.jpg,0,0,0,23513,30846,925,14995,563,354
pre-1980-ohara/jeanne_2,j2_Harry,.jpg,1953,10,0,17694,31675,15659,35794,600,498
pre-1980-ohara/jeanne_2,j2_harry11,.jpg,0,0,0,27197,50134,1456,42071,600,405
pre-1980-ohara/jeanne_2,j2_Harry_and_Chuck,.jpg,0,0,0,17585,24029,6136,15926,600,502
pre-1980-ohara/jeanne_2,j2_Harry_and_Emma,.jpg,0,0,0,31567,59443,12670,32548,355,600
pre-1980-ohara/jeanne_2,j2_Harry_Band,.jpg,0,0,0,49964,52520,19324,23245,564,468
pre-1980-ohara/jeanne_3,j3_kids8,.jpg,0,0,0,34482,45532,19114,26760,344,600
pre-1980-ohara/jeanne_3,j3_new_orleans,.jpg,0,0,0,32767,44615,12342,20752,354,600
pre-1980-ohara/jeanne_3,j3_Steve_and_Harry,.jpg,1956,0,0,15837,29053,36846,57097,600,466
pre-1980-ohara/jeanne_3,j3_Steve_Chuck_Harry_Bill_B,.jpg,0,0,0,18131,24685,7036,16694,600,475
pre-1980-ohara/jeanne_3,j3_steve_harry,.jpg,0,0,0,38665,54066,14204,37970,600,466
pre-1980-ohara/jeanne_3,j3_steve_harry_david,.jpg,0,0,0,27959,35208,24794,31238,443,600
pre-1980-ohara/jeanne_6,1986-06-14_Harry_Annika_Wedding_Announcement,.png,1986,6,14,38018,60283,7296,14080,600,1967
pre-1980-ohara/jeanne_6,1986-06-14_Harry_Annika_Wedding_Photo,.png,1986,6,14,30288,33737,18350,21845,608,600
pre-1980-ohara/jeanne_7,pg04_1953_Jeanne_and_Harry,.png,1953,0,0,38883,44454,29150,32767,600,924
pre-1980-ohara/jeanne_7,pg05_1953_Art_and_Harry,.png,1953,0,0,30242,34980,38259,46540,866,600
pre-1980-ohara/jeanne_7,pg07_1952-03-29_Art_Harry,.png,1952,3,29,41159,50354,36728,55182,875,600
pre-1980-ohara/jeanne_7,pg07_Jeanne_Harry_5_weeks_old,.png,1952,3,0,34004,44143,29616,37268,587,807
pre-1980-ohara/jeanne_7,pg08_1960-12-31_crowded_kitchen,.png,1960,12,31,47879,51876,5461,11468,902,600
pre-1980-ohara/jeanne_7,pg08_Harry_Steve_Chuck,.png,0,0,0,21954,25777,30820,34605,600,606
pre-1980-ohara/jeanne_7,pg09_Harry_and_Carolyn,.png,1958,0,0,24684,44127,15312,28939,600,856
pre-1980-ohara/jeanne_7,pg13_1957_Matt_2,.png,1957,0,0,52440,65341,10982,36728,837,600
pre-1980-ohara/jeanne_7,pg14_1953-01_Harry_Ojai_Calif,.png,1953,1,0,17803,36809,6991,20360,600,853
pre-1980-ohara/jeanne_7,pg14_1961_spring_Harry,.png,1961,0,0,28180,39976,22691,32154,600,748
pre-1980-ohara/jeanne_7,pg14_Harry_1,.png,0,0,0,11140,43253,961,26651,600,750
pre-1980-ohara/jeanne_7,pg14_Harry_2,.png,0,0,0,18672,30448,44199,61033,885,600
pre-1980-ohara/jeanne_7,pg14_Harry_on_tricycle,.png,0,0,0,36597,44865,25025,32047,600,810
pre-1980-ohara/jeanne_7,pg15_Harry_1,.png,0,0,0,26995,42720,8642,29346,600,606
pre-1980-ohara/jeanne_7,pg15_Harry_2,.png,1953,0,0,27636,31521,28180,33969,894,600
pre-1980-ohara/jeanne_7,pg15_Harry_3,.png,0,0,0,20295,35946,18544,30786,600,815
pre-1980-ohara/jeanne_7,pg15_Harry_4,.png,0,0,0,17381,50736,21153,50603,279,316
pre-1980-ohara/jeanne_7,pg15_Harry_5,.png,0,0,0,17771,46334,14272,35681,413,551
pre-1980-ohara/jeanne_7,pg15_Harry_6,.png,0,0,0,45803,57783,23472,30754,465,765
pre-1980-ohara/jeanne_7,pg15_Harry_7,.png,0,0,0,16877,45887,17295,37862,497,701
pre-1980-ohara/jeanne_7,pg16_1960-03_Patty_and_Harry,.png,1960,3,0,50527,63121,2402,20643,869,600
pre-1980-ohara/jeanne_7,pg16_Harry_and_Chuck,.png,0,0,0,25865,31822,30801,39757,902,600
pre-1980-ohara/jeanne_7,pg19_1964_Harry,.png,1964,0,0,38199,57946,8519,33531,760,600
pre-1980-ohara/jeanne_7,pg20_Harry,.png,0,0,0,29542,32814,25385,29346,600,623
pre-1980-ohara/jeanne_7,pg21_1964_Steve_Harry_David,.png,1964,0,0,27351,35746,26736,33848,600,902
pre-1980-ohara/jeanne_7,pg22_South_Ave,.png,0,0,0,45399,49848,20752,27196,869,600
pre-1980-ohara/jeanne_7,pg23_Tractor_1,.png,0,0,0,12686,16439,983,6444,873,600
pre-1980-ohara/jeanne_7,pg28_Matt_Pete_Harry,.png,0,0,0,38921,49068,19815,27142,600,967
pre-1980-ohara/jeanne_7,pg28_Peter_Harry,.png,0,0,0,31877,40311,11687,23592,847,600
pre-1980-ohara/jeanne_7,pg29_1963_Harry_Art_camping_outside_Delaware,.png,1963,0,0,11031,21735,17138,25368,600,868
pre-1980-ohara/jeanne_7,pg30_1963_Squinting_1,.png,1963,0,0,21568,27375,8300,16711,869,600
pre-1980-ohara/jeanne_7,pg30_1963_Squinting_2,.png,1963,0,0,25008,29980,10376,17585,870,600
pre-1980-ohara/jeanne_7,pg32_1953-10_Harry_at_20_months,.png,1953,10,0,20577,29971,24247,38010,879,600
pre-1980-ohara/jeanne_7,pg41_Harry_Steve_Art_Chuck,.png,0,0,0,15221,18462,29723,35399,879,600
pre-1980-ohara/jeanne_7,pg48_Chuck_about_three_and_a_half,.png,1956,0,0,58745,65534,0,21879,894,600
pre-1980-ohara/jeanne_7,pg51_Harry_and_Chuck,.png,0,0,0,16293,23027,1651,12694,855,600
pre-1980-ohara/jeanne_7,pg51_Harry_Jeanne_Torrences,.png,0,0,0,24921,30208,13762,20643,781,600
pre-1980-ohara/jeanne_7,pg51_Harry_Matt_Steve,.png,0,0,0,24639,40261,11559,27555,600,739
pre-1980-ohara/jeanne_7,pg53_1956_Harry_Chuck_on_Pop,.png,0,0,0,16383,24247,25240,30633,600,875
pre-1980-ohara/jeanne_7,pg53_1956_Harry_Stevie_Art,.png,1956,0,0,17269,27978,48605,64115,869,600
pre-1980-ohara/jeanne_7,pg53_Harry_at_16_months_Ojai_Calif,.png,1953,0,0,26333,39574,13434,32767,876,600
pre-1980-ohara/jeanne_7,pg53_Harry_Chuck_Steve_Bill,.png,1956,0,0,19021,23999,4368,11687,882,600
pre-1980-ohara/jeanne_7,pg53_Steve_Harry_baseball_cards,.png,0,0,0,43813,53006,19660,33204,884,600
pre-1980-ohara/rita_1,rita15_005,.jpg,1954,12,0,24089,29574,37355,47731,944,600
pre-1980-ohara/rita_1,rita15_008,.jpg,0,0,0,14048,20300,6007,17476,891,600
pre-1980-ohara/rita_1,rita15_013,.jpg,0,0,0,27410,34577,23702,36481,887,600
pre-1980-ohara/rita_1,rita15_044,.jpg,0,0,0,44126,49267,27415,33641,701,600
pre-1980-ohara/rita_2,rita15_155,.jpg,2004,5,15,5654,15249,2075,16820,765,600
pre-1980-ohara/steve_1,All_seven_kids,.jpg,0,0,0,30063,37455,4217,23683,1321,606
pre-1980-ohara/steve_1,Bea,.jpg,1962,0,0,0,13973,26665,43299,605,784
pre-1980-ohara/steve_1,early_OHara,.jpg,1963,0,0,29141,37647,1631,21482,470,241
pre-1980-ohara/steve_1,Harry_and_Steve,.jpg,0,0,0,16383,28462,24125,38648,548,546
pre-1980-ohara/steve_1,New_Orleans,.jpg,0,0,0,16457,24538,23884,38365,665,439
pre-1980-ohara/steve_1,Seven_kids0,.jpg,0,0,0,29024,37216,5620,20360,928,618
pre-1980-ohara/steve_1,Water_Pump,.jpg,0,0,0,12787,19057,23237,28337,533,784
ScanMyPhotos/A01,A01-0003,.jpg,1970,5,0,23436,39711,27852,44236,604,600
ScanMyPhotos/A01,A01-0007,.jpg,1970,5,0,28348,39989,24247,38337,608,600
ScanMyPhotos/A01,A01-0013,.jpg,0,0,0,25012,28835,37817,42436,600,610
ScanMyPhotos/A01,A01-0016,.jpg,0,0,0,49260,55158,17483,23275,600,611
ScanMyPhotos/A01,A01-0018,.jpg,0,0,0,29749,35678,23046,30473,619,600
ScanMyPhotos/A01,A01-0024,.jpg,0,0,0,22701,25057,20643,23592,612,600
ScanMyPhotos/A01,A01-0026,.jpg,0,0,0,30974,37169,15509,22936,603,600
ScanMyPhotos/A01,A01-0029,.jpg,0,0,0,29381,33423,32279,37154,600,605
ScanMyPhotos/A01,A01-0032,.jpg,0,0,0,24575,41723,10057,30496,600,606
ScanMyPhotos/A01,A01-0033,.jpg,0,0,0,31787,36251,27087,32548,602,600
ScanMyPhotos/A01,A01-0041,.jpg,0,0,0,28070,42815,14189,31738,600,605
ScanMyPhotos/A01,A01-0046,.jpg,0,0,0,35602,40014,23810,29381,624,600
ScanMyPhotos/A01,A01-0055,.jpg,0,0,0,34077,38774,23483,29163,600,600
ScanMyPhotos/A01,A01-0057,.jpg,0,0,0,35924,38755,22281,25667,602,600
ScanMyPhotos/A01,A01-0059,.jpg,0,0,0,23223,28737,27087,34733,618,600
ScanMyPhotos/A01,A01-0061,.jpg,0,0,0,33585,38164,29927,35607,601,600
ScanMyPhotos/A01,A01-0065,.jpg,0,0,0,36262,40849,21154,26606,600,601
ScanMyPhotos/A01,A01-0079,.jpg,0,0,0,47988,51159,25340,29272,620,600
ScanMyPhotos/A01,A01-0085,.jpg,0,0,0,37540,44119,11834,18578,508,515
ScanMyPhotos/A01,A01-0093,.jpg,0,0,0,32448,37554,21626,27961,616,600
ScanMyPhotos/A01,A01-0103,.jpg,0,0,0,34838,39830,22937,29163,617,600
ScanMyPhotos/A01,A01-0108,.jpg,1964,0,0,31864,36750,19769,25668,617,600
ScanMyPhotos/A02,A02-0113,.jpg,0,0,0,19607,37189,8410,30146,615,600
ScanMyPhotos/A02,A02-0142,.jpg,0,0,0,26213,32449,18044,25687,515,523
ScanMyPhotos/A02,A02-0184,.jpg,0,0,0,29943,34631,30910,37354,615,600
ScanMyPhotos/A02,A02-0238,.jpg,0,0,0,27684,32983,25558,32003,606,600
ScanMyPhotos/A03,A03-0240,.jpg,1953,5,10,26513,42228,14308,33423,613,600
ScanMyPhotos/A03,A03-0241,.jpg,1953,5,10,17717,40025,6007,33532,614,600
ScanMyPhotos/A03,A03-0242,.jpg,1953,5,10,24975,38424,11359,27742,614,600
ScanMyPhotos/A03,A03-0293,.jpg,1988,9,0,34951,49369,19585,36695,600,609
ScanMyPhotos/A03,A03-0324,.jpg,0,0,0,22127,30596,18021,28616,619,600
ScanMyPhotos/A03,A03-0330,.jpg,0,0,0,19660,40959,7842,33089,600,610
ScanMyPhotos/A04,A04-0341,.jpg,0,0,0,31052,40830,26432,41396,764,600
ScanMyPhotos/A04,A04-0345,.jpg,0,0,0,22988,31823,28507,41942,764,600
ScanMyPhotos/A04,A04-0346,.jpg,0,0,0,36767,43406,28835,38993,770,600
ScanMyPhotos/A04,A04-0358,.jpg,1984,11,0,23018,44835,14418,47731,763,600
ScanMyPhotos/A04,A04-0396,.jpg,0,0,0,39047,49300,21189,36808,767,600
ScanMyPhotos/A04,A04-0414,.jpg,0,0,0,19548,32207,21626,40959,761,600
ScanMyPhotos/A05,A05-0483,.jpg,0,0,0,26298,31795,31238,38447,775,600
ScanMyPhotos/A05,A05-0543,.jpg,0,0,0,23307,32681,25449,39649,762,600
ScanMyPhotos/A06,A06-0572,.jpg,0,0,0,21816,35268,30583,50899,760,600
ScanMyPhotos/A07,A07-0647,.jpg,0,0,0,33932,38280,21407,28726,844,600
ScanMyPhotos/A07,A07-0648,.jpg,0,0,0,10704,21954,12582,21459,600,849
ScanMyPhotos/A07,A07-0673,.jpg,1991,12,0,22500,34733,13091,23549,600,846
ScanMyPhotos/A07,A07-0702,.jpg,1984,2,0,32146,38358,27525,37901,844,600
ScanMyPhotos/A07,A07-0712,.jpg,1990,8,0,40573,46137,25776,35607,848,600
ScanMyPhotos/A07,A07-0738,.jpg,0,0,0,15327,29326,7645,32221,838,600
ScanMyPhotos/A07,A07-0742,.jpg,0,0,0,11780,14511,30910,34733,840,600
ScanMyPhotos/A07,A07-0748,.jpg,1991,11,0,25667,34952,30789,37382,600,845
ScanMyPhotos/A08,A08-0856,.jpg,1989,11,0,29398,40357,20752,40194,885,600
ScanMyPhotos/A09,A09-0920,.jpg,1989,11,0,31128,40413,25429,33591,600,835
ScanMyPhotos/A10,A10-0973,.jpg,0,0,0,0,17400,32702,65534,919,600
ScanMyPhotos/A12,A12-1140,.jpg,1985,5,0,1975,5067,30801,35716,763,600
ScanMyPhotos/A13,A13-1207,.jpg,1991,10,6,26136,30944,10267,18459,845,600
ScanMyPhotos/A14,A14-1328,.jpg,0,0,0,27299,31604,15946,23592,761,600
ScanMyPhotos/A14,A14-1367,.jpg,1984,12,0,40788,49919,30910,44891,768,600
ScanMyPhotos/A14,A14-1378,.jpg,0,0,0,22869,33365,24575,40959,768,600
ScanMyPhotos/A15,A15-1418,.jpg,0,0,0,21974,35097,16274,38447,844,600
ScanMyPhotos/A15,A15-1446,.jpg,0,0,0,12670,50243,12400,44736,600,835
ScanMyPhotos/A15,A15-1464,.jpg,0,0,0,23948,31930,20861,34624,862,600
ScanMyPhotos/A15,A15-1465,.jpg,0,0,0,3469,12895,22391,38884,869,600
ScanMyPhotos/A15,A15-1472,.jpg,0,0,0,38278,45149,24357,36262,868,600
ScanMyPhotos/A16,A16-1533,.jpg,0,0,0,24888,31810,16492,28835,890,600
ScanMyPhotos/A17,A17-1583,.jpg,0,0,0,28052,39741,23702,40085,841,600
ScanMyPhotos/A17,A17-1626,.jpg,0,0,0,26513,30633,17585,24684,875,600
ScanMyPhotos/A17,A17-1627,.jpg,0,0,0,27025,31159,6334,13325,856,600
ScanMyPhotos/A17,A17-1632,.jpg,0,0,0,40735,51757,4587,24029,880,600
ScanMyPhotos/A17,A17-1637,.jpg,1970,9,0,18648,23782,16820,25558,868,600
ScanMyPhotos/A17,A17-1638,.jpg,1965,6,0,30373,38603,4696,19223,876,600
ScanMyPhotos/A17,A17-1639,.jpg,0,0,0,23296,30934,31128,44345,858,600
ScanMyPhotos/A17,A17-1644,.jpg,0,0,0,18131,33204,22070,34456,600,873
ScanMyPhotos/A17,A17-1646,.jpg,1970,10,0,19758,24886,16274,25231,869,600
ScanMyPhotos/A17,A17-1648,.jpg,0,0,0,55179,60512,36044,45110,848,600
ScanMyPhotos/A17,A17-1650,.jpg,0,0,0,23483,31784,22344,29168,600,874
ScanMyPhotos/A17,A17-1655,.jpg,0,0,0,20535,27133,18022,29818,884,600
ScanMyPhotos/A17,A17-1659,.jpg,0,0,0,33095,41942,21720,29060,600,875
ScanMyPhotos/A17,A17-1661,.jpg,0,0,0,30603,35167,13543,21189,833,600
ScanMyPhotos/A17,A17-1663,.jpg,0,0,0,25469,31724,11031,22063,880,600
ScanMyPhotos/A17,A17-1669,.jpg,0,0,0,16214,24660,9830,24575,869,600
ScanMyPhotos/A17,A17-1671,.jpg,1968,6,0,28398,34624,15393,20475,600,877
ScanMyPhotos/A17,A17-1683,.jpg,1953,8,0,30235,32650,32876,36918,841,600
ScanMyPhotos/A17,A17-1685,.jpg,1953,7,4,20424,30801,30440,39137,600,859
ScanMyPhotos/A18,A18-1701,.jpg,0,0,0,25324,29391,11686,18568,854,600
ScanMyPhotos/A18,A18-1705,.jpg,0,0,0,35416,37913,21845,26214,866,600
ScanMyPhotos/A18,A18-1706,.jpg,0,0,0,19751,28841,26999,42707,793,534
ScanMyPhotos/A18,A18-1712,.jpg,0,0,0,3291,10024,7973,19879,876,600
ScanMyPhotos/A18,A18-1720,.jpg,0,0,0,46574,56408,22937,39321,833,600
ScanMyPhotos/A18,A18-1721,.jpg,0,0,0,32496,39786,21298,33750,845,600
ScanMyPhotos/A18,A18-1728,.jpg,0,0,0,41833,44693,18349,23264,871,600
ScanMyPhotos/A18,A18-1766,.jpg,0,0,0,30733,39245,25558,36481,870,600
ScanMyPhotos/A18,A18-1767,.jpg,0,0,0,40393,44998,10048,18022,868,600
ScanMyPhotos/A18,A18-1771,.jpg,1970,10,0,22069,26109,18350,25449,876,600
ScanMyPhotos/A18,A18-1772,.jpg,1970,9,0,13122,18920,20206,30146,859,600
ScanMyPhotos/A18,A18-1773,.jpg,0,0,0,46093,53847,24897,31102,600,866
ScanMyPhotos/A18,A18-1775,.jpg,1970,10,0,15860,21620,16929,27087,876,600
ScanMyPhotos/A18,A18-1776,.jpg,0,0,0,29163,35607,16612,21489,600,860
ScanMyPhotos/A18,A18-1779,.jpg,0,0,0,25370,28742,24466,30146,855,600
ScanMyPhotos/A19,A19-1792,.jpg,0,0,0,24323,31450,30910,43471,846,600
ScanMyPhotos/A19,A19-1793,.jpg,1957,0,0,12776,21117,8082,24575,990,600
ScanMyPhotos/A19,A19-1794,.jpg,1952,11,0,10560,30127,12233,45218,844,600
ScanMyPhotos/A19,A19-1796,.jpg,1952,0,0,15456,27589,18240,38993,848,600
ScanMyPhotos/A19,A19-1800,.jpg,0,0,0,26407,34297,19769,32330,814,600
ScanMyPhotos/A19,A19-1803,.jpg,0,0,0,30910,40194,26491,33163,600,992
ScanMyPhotos/A19,A19-1804,.jpg,0,0,0,15754,24095,10048,26650,990,600
ScanMyPhotos/A19,A19-1806,.jpg,0,0,0,26275,30085,26432,32876,843,600
ScanMyPhotos/A19,A19-1807,.jpg,0,0,0,28297,31484,20315,25886,843,600
ScanMyPhotos/A19,A19-1809,.jpg,0,0,0,29378,36842,13543,27743,957,600
ScanMyPhotos/A19,A19-1813,.jpg,1953,10,0,29160,39243,19660,36699,845,600
ScanMyPhotos/A19,A19-1815,.jpg,0,0,0,17528,22029,27633,36590,830,600
ScanMyPhotos/A19,A19-1818,.jpg,0,0,0,12560,56359,3187,40580,600,843
ScanMyPhotos/A19,A19-1819,.jpg,1952,7,0,31128,42379,20215,30488,600,791
ScanMyPhotos/A19,A19-1829,.jpg,0,0,0,6826,31326,7209,49697,864,600
ScanMyPhotos/A19,A19-1829,.jpg,0,0,0,38835,63334,6881,49151,864,600
ScanMyPhotos/A19,A19-1835,.jpg,1954,0,0,30551,38558,33750,47621,843,600
ScanMyPhotos/A19,A19-1836,.jpg,0,0,0,22063,58107,6300,38781,600,801
ScanMyPhotos/A19,A19-1837,.jpg,1954,0,0,35611,41144,30473,39757,841,600
ScanMyPhotos/A19,A19-1838,.jpg,1952,7,0,22827,35279,16280,27742,600,789
ScanMyPhotos/A19,A19-1840,.jpg,0,0,0,28944,37136,15950,23387,600,793
ScanMyPhotos/A19,A19-1844,.jpg,0,0,0,26978,45656,21525,35159,600,822
ScanMyPhotos/A19,A19-1846,.jpg,0,0,0,24794,36044,20218,29746,600,846
ScanMyPhotos/A19,A19-1848,.jpg,0,0,0,40813,46333,25558,34952,843,600
ScanMyPhotos/A19,A19-1852,.jpg,0,0,0,33095,38228,27818,32260,600,841
ScanMyPhotos/A19,A19-1853,.jpg,1952,11,0,24401,32844,21953,36153,846,600
ScanMyPhotos/A19,A19-1854,.jpg,0,0,0,32022,37594,16055,25340,835,600
ScanMyPhotos/A19,A19-1859,.jpg,1956,0,0,36355,45898,27306,43252,831,600
ScanMyPhotos/A19,A19-1861,.jpg,1967,1,0,23694,31943,24793,39211,874,600
ScanMyPhotos/A19,A19-1864,.jpg,1956,0,0,48187,54124,39648,49806,850,600
ScanMyPhotos/A19,A19-1871,.jpg,1961,7,0,45566,50654,7863,16492,850,600
ScanMyPhotos/A19,A19-1883,.jpg,0,0,0,41985,46866,18895,27087,846,600
ScanMyPhotos/A19,A19-1884,.jpg,0,0,0,36432,52513,9721,39430,921,600
ScanMyPhotos/A19,A19-1928,.jpg,0,0,0,22719,33204,13483,22146,600,870
ScanMyPhotos/A19,A19-1929,.jpg,0,0,0,26966,38414,20425,39758,853,600
ScanMyPhotos/A19,A19-1931,.jpg,1964,0,0,22593,29176,16384,28070,876,600
ScanMyPhotos/A19,A19-1942,.jpg,0,0,0,32728,39148,39430,50025,837,600
ScanMyPhotos/A20,A20-1943,.jpg,1953,8,0,32266,44742,23701,44891,851,600
ScanMyPhotos/A20,A20-1947,.jpg,0,0,0,10476,28217,21954,52428,857,600
ScanMyPhotos/A20,A20-1954,.jpg,0,0,0,30126,35333,11578,20752,881,600
ScanMyPhotos/A20,A20-1959,.jpg,0,0,0,23733,32461,16711,31675,856,600
ScanMyPhotos/A20,A20-1961,.jpg,0,0,0,43054,47627,24903,32767,860,600
ScanMyPhotos/A20,A20-1965,.jpg,0,0,0,30212,40658,19332,37464,872,600
ScanMyPhotos/A20,A20-1968,.jpg,0,0,0,44043,47070,19114,24247,866,600
ScanMyPhotos/A20,A20-1973,.jpg,0,0,0,45437,51772,30042,35340,600,866
ScanMyPhotos/A20,A20-1982,.jpg,0,0,0,24692,33316,26650,41177,836,600
ScanMyPhotos/A20,A20-1985,.jpg,0,0,0,54711,60123,37026,46638,884,600
ScanMyPhotos/A20,A20-1987,.jpg,0,0,0,26978,41177,19057,30808,600,870
ScanMyPhotos/A20,A20-1994,.jpg,0,0,0,16120,27494,33313,53083,870,600
ScanMyPhotos/A20,A20-1999,.jpg,0,0,0,18877,23558,21299,29381,854,600
ScanMyPhotos/A20,A20-2004,.jpg,1968,6,0,29721,36334,4478,14963,882,600
ScanMyPhotos/A20,A20-2011,.jpg,0,0,0,27720,31411,23811,30255,870,600
ScanMyPhotos/A20,A20-2016,.jpg,1952,0,0,18925,35348,13762,46093,838,600
ScanMyPhotos/A20,A20-2027,.jpg,0,0,0,31893,37354,24070,28652,600,844
ScanMyPhotos/A20,A20-2036,.jpg,0,0,0,10396,14554,24247,31456,851,600
ScanMyPhotos/A20,A20-2050,.jpg,1952,0,0,19284,37799,20206,51772,853,600
ScanMyPhotos/A20,A20-2065,.jpg,0,0,0,42177,44596,33750,38010,867,600
ScanMyPhotos/A20,A20-2066,.jpg,0,0,0,30975,36872,22172,32548,878,600
ScanMyPhotos/A20,A20-2067,.jpg,0,0,0,19485,25193,24357,33422,861,600
ScanMyPhotos/A20,A20-2068,.jpg,0,0,0,22956,28714,24138,33423,865,600
ScanMyPhotos/A20,A20-2071,.jpg,0,0,0,30826,37171,28070,39211,878,600
ScanMyPhotos/A20,A20-2072,.jpg,1970,10,0,22356,26659,18240,25558,853,600
ScanMyPhotos/A20,A20-2075,.jpg,1968,6,0,30583,35170,14488,18241,600,873
ScanMyPhotos/A20,A20-2076,.jpg,0,0,0,41195,45126,35279,42160,867,600
ScanMyPhotos/A21,A21-2108,.jpg,0,0,0,25436,37854,16492,38228,876,600
ScanMyPhotos/A21,A21-2110,.jpg,0,0,0,10746,18918,25777,39757,866,600
ScanMyPhotos/A21,A21-2114,.jpg,0,0,0,10813,21626,22956,31896,600,865
ScanMyPhotos/A21,A21-2121,.jpg,0,0,0,16274,21844,25602,30304,600,878
ScanMyPhotos/A21,A21-2123,.jpg,1967,7,0,25773,32767,25231,37245,862,600
ScanMyPhotos/A21,A21-2132,.jpg,0,0,0,32767,37481,34405,42597,862,600
ScanMyPhotos/A21,A21-2143,.jpg,0,0,0,32272,35469,27634,32876,861,600
ScanMyPhotos/A21,A21-2159,.jpg,0,0,0,24300,37057,7317,29381,863,600
ScanMyPhotos/A22,A22-2187,.jpg,0,0,0,24466,32985,12367,20762,600,726
ScanMyPhotos/A22,A22-2210,.jpg,0,0,0,26541,34078,8653,16135,600,727
ScanMyPhotos/A23,A23-2230,.jpg,0,0,0,36699,50025,14049,27373,600,723
ScanMyPhotos/A23,A23-2232,.jpg,0,0,0,23264,29599,14191,21784,600,725
ScanMyPhotos/A23,A23-2245,.jpg,0,0,0,45109,53629,9839,18324,600,726
ScanMyPhotos/A23,A23-2248,.jpg,0,0,0,8300,15619,16249,23928,600,734
ScanMyPhotos/A23,A23-2249,.jpg,0,0,0,24794,33423,15152,22867,600,705
ScanMyPhotos/A24,A24-2269,.jpg,0,0,0,25995,34842,18138,26979,600,719
ScanMyPhotos/A24,A24-2288,.jpg,0,0,0,31238,44127,16384,29027,600,736
ScanMyPhotos/A24,A24-2307,.jpg,0,0,0,36481,52755,10742,26990,600,726
ScanMyPhotos/A26,A26-2355,.jpg,0,0,0,45655,53629,8090,14653,600,729
ScanMyPhotos/A27,A27-2394,.jpg,0,0,0,32658,41615,13269,22115,600,726
ScanMyPhotos/A27,A27-2401,.jpg,0,0,0,43471,52864,20248,29558,600,725
ScanMyPhotos/A27,A27-2422,.jpg,0,0,0,13325,21517,18571,26696,600,734
ScanMyPhotos/A27,A27-2440,.jpg,0,0,0,35170,41614,14623,20491,600,726
ScanMyPhotos/A28,A28-2489,.jpg,0,0,0,13544,36809,9375,32451,600,727
ScanMyPhotos/B02,B02-0088,.jpg,1985,4,0,15611,21101,28180,36262,764,600
ScanMyPhotos/B02,B02-0090,.jpg,1985,4,0,7669,15850,29053,41505,769,600
ScanMyPhotos/B02,B02-0111,.jpg,0,0,0,42589,52062,21626,36044,754,600
ScanMyPhotos/B02,B02-0129,.jpg,1985,1,0,39905,46356,32767,46311,762,600
ScanMyPhotos/B02,B02-0139,.jpg,1985,6,0,29288,41656,19551,38338,763,600
ScanMyPhotos/B03,B03-0183,.jpg,1986,3,0,13216,20534,17691,23965,600,752
ScanMyPhotos/B03,B03-0211,.jpg,1985,4,0,16981,22783,26104,34842,768,600
ScanMyPhotos/B03,B03-0216,.jpg,0,0,0,12408,22020,27743,41942,750,600
ScanMyPhotos/B03,B03-0227,.jpg,1985,1,0,39542,47383,39102,51226,769,600
ScanMyPhotos/B03,B03-0228,.jpg,1985,1,0,20171,25885,22936,31565,757,600
ScanMyPhotos/B03,B03-0230,.jpg,1985,1,0,19085,24837,22936,31565,752,600
ScanMyPhotos/B03,B03-0257,.jpg,1985,1,0,25776,42815,24521,40753,600,759
ScanMyPhotos/B03,B03-0258,.jpg,1985,1,0,37721,46848,32767,46529,754,600
ScanMyPhotos/B03,B03-0262,.jpg,1985,1,0,35170,43143,26162,33711,600,764
ScanMyPhotos/B03,B03-0265,.jpg,1986,6,0,26959,33981,25886,35716,756,600
ScanMyPhotos/B03,B03-0268,.jpg,0,0,0,45466,56832,18131,34733,738,600
ScanMyPhotos/B04,B04-0283,.jpg,0,0,0,32548,39211,23125,29354,600,768
ScanMyPhotos/B04,B04-0310,.jpg,1980,9,0,22421,31984,17039,32330,795,600
ScanMyPhotos/B04,B04-0312,.jpg,0,0,0,19755,31178,22827,40194,763,600
ScanMyPhotos/B04,B04-0318,.jpg,0,0,0,20474,37351,19005,44782,765,600
ScanMyPhotos/B04,B04-0325,.jpg,0,0,0,28271,44698,5133,30146,758,600
ScanMyPhotos/B04,B04-0326,.jpg,0,0,0,32981,49258,9174,34078,765,600
ScanMyPhotos/B04,B04-0333,.jpg,0,0,0,36782,48611,23155,41068,759,600
ScanMyPhotos/B04,B04-0339,.jpg,1984,11,0,38651,47841,19660,33750,763,600
ScanMyPhotos/B04,B04-0340,.jpg,1984,11,0,34547,40883,31238,40959,755,600
ScanMyPhotos/B04,B04-0400,.jpg,0,0,0,45770,53659,32440,44454,756,600
ScanMyPhotos/B05,B05-0437,.jpg,1992,1,0,28944,40522,16442,26416,600,841
ScanMyPhotos/B05,B05-0447,.jpg,0,0,0,26760,37027,3498,12282,600,843
ScanMyPhotos/B05,B05-0449,.jpg,0,0,0,26650,37026,3128,12121,600,838
ScanMyPhotos/B05,B05-0455,.jpg,0,0,0,50327,57539,15837,26869,836,600
ScanMyPhotos/B05,B05-0463,.jpg,0,0,0,38503,40468,35607,38338,834,600
ScanMyPhotos/B05,B05-0489,.jpg,1990,8,0,30951,36399,21517,30474,830,600
ScanMyPhotos/B05,B05-0497,.jpg,1984,2,0,22576,30337,34514,47512,836,600
ScanMyPhotos/B06,B06-0530,.jpg,1986,3,0,26541,37791,10082,20772,600,754
ScanMyPhotos/B06,B06-0584,.jpg,0,0,0,27227,36932,20861,35607,763,600
ScanMyPhotos/B06,B06-0600,.jpg,0,0,0,41917,47844,45000,52427,752,600
ScanMyPhotos/B07,B07-0641,.jpg,1985,1,0,26541,44891,24575,42005,600,752
ScanMyPhotos/B07,B07-0661,.jpg,1985,5,0,11900,14246,23413,27796,765,600
ScanMyPhotos/B07,B07-0692,.jpg,1986,3,0,21516,32095,22936,38447,731,600
ScanMyPhotos/B07,B07-0727,.jpg,1985,1,0,40006,49601,27742,42488,765,600
ScanMyPhotos/B08,B08-0738,.jpg,1985,1,0,37141,46577,33531,48059,764,600
ScanMyPhotos/B08,B08-0763,.jpg,1985,4,0,7078,15553,29163,41942,750,600
ScanMyPhotos/B08,B08-0792,.jpg,1985,1,0,23246,33968,26760,42598,764,600
ScanMyPhotos/B08,B08-0798,.jpg,1985,4,0,34122,48172,19551,37900,653,600
ScanMyPhotos/B08,B08-0810,.jpg,1985,1,0,24789,34053,30036,41832,764,600
ScanMyPhotos/B09,B09-0853,.jpg,0,0,0,22391,29927,20485,26474,600,755
ScanMyPhotos/B09,B09-0854,.jpg,0,0,0,30768,38677,25667,37682,754,600
ScanMyPhotos/B09,B09-0941,.jpg,1986,3,0,20457,25859,22500,30036,740,600
ScanMyPhotos/B10,B10-0947,.jpg,1974,6,0,8410,16274,22000,28739,600,846
ScanMyPhotos/B10,B10-0948,.jpg,0,0,0,31883,34572,31129,35935,853,600
ScanMyPhotos/B10,B10-0955,.jpg,0,0,0,8221,10525,38665,42706,853,600
ScanMyPhotos/B10,B10-1025,.jpg,1992,11,0,18116,28592,13762,31238,832,600
ScanMyPhotos/B10,B10-1033,.jpg,0,0,0,23660,43975,11905,46093,842,600
ScanMyPhotos/B11,B11-1078,.jpg,0,0,0,26869,37682,3366,12683,600,837
ScanMyPhotos/B11,B11-1100,.jpg,1990,8,0,33874,41697,24466,38228,888,600
ScanMyPhotos/B12,B12-1150,.jpg,0,0,0,29818,43580,14528,26323,600,839
ScanMyPhotos/B12,B12-1154,.jpg,1963,0,0,35608,42957,7427,19988,865,600
ScanMyPhotos/B12,B12-1156,.jpg,0,0,0,35148,41271,18896,29491,867,600
ScanMyPhotos/B12,B12-1171,.jpg,0,0,0,29863,32654,18786,23264,869,600
ScanMyPhotos/B12,B12-1173,.jpg,0,0,0,29599,36590,21741,27699,600,847
ScanMyPhotos/B12,B12-1174,.jpg,1992,0,0,17670,31269,11578,34842,853,600
ScanMyPhotos/B12,B12-1184,.jpg,0,0,0,26998,29921,45437,50462,852,600
ScanMyPhotos/B12,B12-1205,.jpg,0,0,0,33114,37195,24029,31238,851,600
ScanMyPhotos/B12,B12-1208,.jpg,0,0,0,23152,28204,12997,21844,869,600
ScanMyPhotos/B12,B12-1275,.jpg,0,0,0,15559,23454,16055,29599,855,600
ScanMyPhotos/B13,B13-1279,.jpg,0,0,0,28052,31329,26323,31675,820,600
ScanMyPhotos/B13,B13-1282,.jpg,0,0,0,23104,26454,18131,23155,763,600
ScanMyPhotos/B13,B13-1290,.jpg,0,0,0,39726,49847,15072,30910,777,600
ScanMyPhotos/B13,B13-1294,.jpg,1952,0,0,8701,28926,7754,41505,836,600
ScanMyPhotos/B13,B13-1373,.jpg,0,0,0,44741,47723,19114,23811,769,600
ScanMyPhotos/B13,B13-1374,.jpg,0,0,0,42803,45705,18677,23264,813,600
ScanMyPhotos/B13,B13-1379,.jpg,0,0,0,33042,38300,20097,28944,835,600
ScanMyPhotos/B13,B13-1380,.jpg,0,0,0,37616,43403,24357,34077,838,600
ScanMyPhotos/B13,B13-1382,.jpg,0,0,0,17388,24111,30036,41396,848,600
ScanMyPhotos/B13,B13-1384,.jpg,0,0,0,29272,34405,28987,33351,600,841
ScanMyPhotos/B14,B14-1391,.jpg,0,0,0,33070,42779,7973,24685,864,600
ScanMyPhotos/B14,B14-1396,.jpg,0,0,0,15286,21415,10267,20752,866,600
ScanMyPhotos/B14,B14-1408,.jpg,1989,0,0,41184,45468,23483,30910,872,600
ScanMyPhotos/B14,B14-1409,.jpg,1989,0,0,44784,51950,18677,35061,878,600
ScanMyPhotos/B14,B14-1449,.jpg,1984,11,0,13332,20604,25777,37682,757,600
ScanMyPhotos/B14,B14-1534,.jpg,0,0,0,25448,31829,23592,34624,873,600
ScanMyPhotos/B15,B15-1550,.jpg,0,0,0,35279,42706,20576,26944,600,844
ScanMyPhotos/B15,B15-1553,.jpg,0,0,0,26553,33114,17476,28617,849,600
ScanMyPhotos/B15,B15-1557,.jpg,0,0,0,26415,30056,19441,25558,846,600
ScanMyPhotos/B15,B15-1563,.jpg,1956,0,0,17192,30362,41505,63459,831,600
ScanMyPhotos/B15,B15-1564,.jpg,0,0,0,29709,35389,19365,24168,600,846
ScanMyPhotos/B15,B15-1566,.jpg,0,0,0,19239,23914,12233,20206,855,600
ScanMyPhotos/B15,B15-1567,.jpg,1974,6,0,24449,31490,26323,38228,847,600
ScanMyPhotos/B15,B15-1593,.jpg,0,0,0,31362,35463,22172,29163,863,600
ScanMyPhotos/B15,B15-1594,.jpg,0,0,0,38966,44665,28944,38775,851,600
ScanMyPhotos/B15,B15-1595,.jpg,0,0,0,37525,40265,28180,32658,861,600
ScanMyPhotos/B15,B15-1604,.jpg,1967,0,0,20345,26290,17694,27743,860,600
ScanMyPhotos/B15,B15-1613,.jpg,0,0,0,32129,34756,25777,30474,873,600
ScanMyPhotos/B15,B15-1614,.jpg,0,0,0,46528,49341,19114,23919,862,600
ScanMyPhotos/B15,B15-1623,.jpg,0,0,0,33150,42796,20315,36699,856,600
ScanMyPhotos/B15,B15-1624,.jpg,0,0,0,16274,30364,6969,18789,600,865
ScanMyPhotos/B15,B15-1633,.jpg,0,0,0,12789,19448,27306,38884,866,600
ScanMyPhotos/B15,B15-1634,.jpg,0,0,0,44235,48932,20921,24921,600,852
ScanMyPhotos/B15,B15-1647,.jpg,0,0,0,7427,27961,15610,33153,600,848
ScanMyPhotos/B16,B16-1651,.jpg,1961,0,0,17318,25862,7427,22063,859,600
ScanMyPhotos/B16,B16-1687,.jpg,0,0,0,7209,29053,15531,33714,600,865
ScanMyPhotos/B16,B16-1689,.jpg,1968,6,0,26858,33841,16602,28616,854,600
ScanMyPhotos/B16,B16-1714,.jpg,0,0,0,29383,42074,10157,31784,852,600
ScanMyPhotos/B16,B16-1721,.jpg,1952,0,0,27714,32372,12014,19878,830,600
ScanMyPhotos/B16,B16-1723,.jpg,1952,7,4,20827,25557,23701,31784,859,600
ScanMyPhotos/B16,B16-1725,.jpg,0,0,0,23264,36119,20752,42051,831,600
ScanMyPhotos/B16,B16-1731,.jpg,1952,0,0,26924,32767,26214,35935,830,600
ScanMyPhotos/B16,B16-1746,.jpg,1970,11,0,18343,22834,20316,28070,861,600
ScanMyPhotos/B16,B16-1757,.jpg,1968,6,0,25835,32729,16602,28616,865,600
ScanMyPhotos/B16,B16-1758,.jpg,0,0,0,21299,33313,19524,29513,600,866
ScanMyPhotos/B16,B16-1759,.jpg,1953,8,0,26837,30270,15509,21189,840,600
ScanMyPhotos/B16,B16-1761,.jpg,1965,5,0,37354,48932,11743,21365,600,865
ScanMyPhotos/B16,B16-1766,.jpg,0,0,0,23134,30871,9393,22391,847,600
ScanMyPhotos/B16,B16-1782,.jpg,0,0,0,27415,33313,21391,26229,600,867
ScanMyPhotos/B16,B16-1783,.jpg,0,0,0,28591,37695,12451,28398,871,600
ScanMyPhotos/B17,B17-1813,.jpg,0,0,0,5728,23609,14745,41723,755,600
ScanMyPhotos/B17,B17-1815,.jpg,0,0,0,17123,45184,6881,47840,731,600
ScanMyPhotos/B18,B18-1852,.jpg,0,0,0,14191,34078,16711,45546,725,600
ScanMyPhotos/B19,B19-1867,.jpg,0,0,0,24631,35208,15400,34078,886,600
ScanMyPhotos/B19,B19-1882,.jpg,0,0,0,31565,38009,31650,36937,600,880
ScanMyPhotos/B19,B19-1883,.jpg,0,0,0,34971,38110,20971,26432,877,600
ScanMyPhotos/B19,B19-1884,.jpg,0,0,0,27835,33264,27633,37026,857,600
ScanMyPhotos/B19,B19-1890,.jpg,0,0,0,28070,38228,18841,25767,600,880
ScanMyPhotos/B19,B19-1903,.jpg,0,0,0,27834,42192,12233,37901,890,600
ScanMyPhotos/B19,B19-1912,.jpg,0,0,0,24575,34514,10449,18586,600,878
ScanMyPhotos/B19,B19-1917,.jpg,0,0,0,25885,35170,10860,18499,600,875
ScanMyPhotos/B20,B20-1974,.jpg,0,0,0,44235,50243,16620,21431,600,899
ScanMyPhotos/B20,B20-1983,.jpg,1992,0,0,34359,38802,30364,38228,885,600
ScanMyPhotos/B23,B23-2269,.jpg,0,0,0,26035,31242,21626,30910,881,600
ScanMyPhotos/B23,B23-2277,.jpg,0,0,0,25796,31612,23919,34187,879,600
ScanMyPhotos/B24,B24-2301,.jpg,1991,8,0,26978,37464,14053,22634,600,886
ScanMyPhotos/B24,B24-2306,.jpg,0,0,0,21500,31548,10485,28289,887,600
ScanMyPhotos/B24,B24-2308,.jpg,0,0,0,18040,27171,10704,26978,890,600
ScanMyPhotos/B24,B24-2309,.jpg,0,0,0,15192,25320,9065,26869,880,600
ScanMyPhotos/B24,B24-2314,.jpg,0,0,0,29163,42488,13851,25022,600,880
ScanMyPhotos/B24,B24-2316,.jpg,1991,6,0,30473,40085,21296,29143,600,877
ScanMyPhotos/B24,B24-2326,.jpg,0,0,0,20752,42160,12807,30407,600,875
ScanMyPhotos/B24,B24-2327,.jpg,0,0,0,30582,35607,23437,27542,600,878
ScanMyPhotos/B24,B24-2328,.jpg,0,0,0,29184,35156,22718,33313,878,600
ScanMyPhotos/B24,B24-2358,.jpg,0,0,0,30183,34227,28179,35170,875,600
ScanMyPhotos/B24,B24-2384,.jpg,0,0,0,21669,29543,19769,31238,874,600
ScanMyPhotos/C01,C01-0015,.jpg,1963,9,0,35170,41286,25563,32930,600,605
ScanMyPhotos/C01,C01-0053,.jpg,0,0,0,21407,40850,14908,37755,600,611
ScanMyPhotos/C01,C01-0064,.jpg,1967,9,0,38863,45178,20862,27525,602,600
ScanMyPhotos/C01,C01-0073,.jpg,1963,9,0,25239,29680,16383,21626,605,600
ScanMyPhotos/C12,C12-0842,.jpg,1961,0,0,27292,33195,23046,32003,766,600
ScanMyPhotos/C12,C12-0849,.jpg,0,0,0,17148,44782,2546,24023,600,772
ScanMyPhotos/C12,C12-0860,.jpg,0,0,0,13280,20037,29490,40631,834,600
ScanMyPhotos/C12,C12-0862,.jpg,1953,4,0,27104,30931,24684,31128,839,600
ScanMyPhotos/C12,C12-0863,.jpg,1952,0,0,21975,31125,15946,31238,838,600
ScanMyPhotos/C12,C12-0864,.jpg,0,0,0,27685,30726,23919,28944,819,600
ScanMyPhotos/C12,C12-0868,.jpg,1952,7,0,25777,35716,21984,30510,600,784
ScanMyPhotos/C12,C12-0869,.jpg,0,0,0,31941,35481,21626,27524,833,600
ScanMyPhotos/C12,C12-0870,.jpg,0,0,0,33856,37241,34296,39649,813,600
ScanMyPhotos/C12,C12-0874,.jpg,0,0,0,27961,43362,16607,30365,600,805
ScanMyPhotos/C12,C12-0876,.jpg,0,0,0,27416,29886,32876,36809,796,600
ScanMyPhotos/C12,C12-0881,.jpg,0,0,0,19046,23547,17367,24138,757,600
ScanMyPhotos/C12,C12-0900,.jpg,0,0,0,17464,22133,15291,22282,758,600
ScanMyPhotos/C12,C12-0904,.jpg,0,0,0,16493,37464,12616,32767,600,748
ScanMyPhotos/C12,C12-0906,.jpg,0,0,0,17250,21931,17039,24138,756,600
ScanMyPhotos/C12,C12-0909,.jpg,0,0,0,21080,62367,6162,45483,600,755
ScanMyPhotos/C12,C12-0910,.jpg,0,0,0,17118,21960,16384,23811,758,600
ScanMyPhotos/C12,C12-0914,.jpg,0,0,0,17181,21499,16711,23264,759,600
ScanMyPhotos/C12,C12-0915,.jpg,0,0,0,46610,49677,14090,18677,748,600
ScanMyPhotos/C12,C12-0918,.jpg,0,0,0,26214,48168,3777,24861,600,746
ScanMyPhotos/C12,C12-0919,.jpg,0,0,0,16274,37245,12403,32547,600,745
ScanMyPhotos/C12,C12-0927,.jpg,0,0,0,23046,33859,26425,36907,600,744
ScanMyPhotos/C13,C13-0964,.jpg,0,0,0,54505,56583,28944,32111,820,600
ScanMyPhotos/C13,C13-0966,.jpg,0,0,0,21626,51226,4737,30477,600,830
ScanMyPhotos/C13,C13-0979,.jpg,0,0,0,24575,55049,8369,34820,600,830
ScanMyPhotos/C14,C14-0989,.jpg,0,0,0,14089,57779,5249,43424,600,824
ScanMyPhotos/C14,C14-1002,.jpg,0,0,0,11687,53520,8889,45158,600,833
ScanMyPhotos/C14,C14-1026,.jpg,0,0,0,21408,53520,632,28538,600,829
ScanMyPhotos/C23,C23-1935,.jpg,1988,0,0,20636,28671,21408,34842,832,600
ScanMyPhotos/C23,C23-1936,.jpg,1988,0,0,26513,34066,20534,33204,833,600
ScanMyPhotos/C24,C24-2012,.jpg,0,0,0,26616,30344,18786,25340,879,600
ScanMyPhotos/D09,D09-0541,.jpg,0,0,0,11389,21504,15837,31347,771,600
ScanMyPhotos/D11,D11-0807,.jpg,0,0,0,27087,40849,14761,28366,600,737
ScanMyPhotos/D27,D27-2268,.jpg,1995,8,1,19624,22013,16602,20971,905,600
ScanMyPhotos/D27,D27-2269,.jpg,1995,8,1,15673,21650,17476,28289,899,600
unsorted/GooglePlus,2013-05-28_020,.jpg,2013,5,28,36535,49560,2402,23264,800,600
unsorted/GooglePlus,2013-05-28_022,.jpg,2013,5,28,45219,57343,15400,34733,800,600
unsorted/GooglePlus,2013-05-28_023,.jpg,2013,5,28,31456,43580,28289,47622,800,600
unsorted/unsorted_1,ohara_kids,.jpg,1964,0,0,8737,18240,21254,36604,600,444
unsorted/unsorted_2,art_and_harry,.JPG,0,0,0,11702,18443,22044,31869,700,547
unsorted/unsorted_2,First_Five,.jpg,0,0,0,26653,42644,14963,28398,418,600
unsorted/unsorted_2,harry_annika_pat_romeo,.JPG,0,0,0,37729,46904,33304,47271,700,549
unsorted/unsorted_3,Harry_Baptism,.jpg,1952,0,0,13061,58553,3137,45491,291,376
year-2004/2004_billtorrence,clan_small,.jpg,1967,6,17,42597,45219,11421,15228,600,482
year-2004/2004_memorial/genealogy,All_Seven,.jpg,0,0,0,11346,19087,2076,13366,618,505
year-2004/2004_memorial/genealogy,Cousins,.jpg,0,0,0,43908,47185,24299,30313,800,534
year-2004/2004_memorial/Oxford,Gang_1,.jpg,2004,0,0,32357,34651,18108,22173,800,532
year-2004/2004_memorial/Oxford,group_1,.JPG,2004,0,0,32330,34864,18864,23029,750,535
year-2004/2004_memorial/Oxford,Harry_Runners,.jpg,2004,0,0,30364,34296,16019,22427,600,450
year-2004/2004_memorial/recent,Pop_and_baby_Harry,.jpg,0,0,0,24740,30898,52723,60771,596,399
year-2004/2004_memorial/running,Annika_running_first_5k,.jpg,0,0,0,31207,45490,3408,17333,546,673
year-2004/2004_memorial/sidney,eight_is_enough,.JPG,2004,0,0,46420,53095,6980,18235,648,460
year-2004/2004_memorial/sidney,harry_annika_emma,.JPG,2004,0,0,27855,40317,2297,13456,447,599
year-2004/2004_memorial/sidney,harry_matt,.JPG,2004,0,0,31748,44651,9393,19333,386,600
year-2004/2004_memorial/sidney,Pizza_Hut,.jpg,2004,0,0,29818,33969,15582,22427,600,450
year-2004/2004_memorial/sidney,Six_is_Enough,.jpg,2004,0,0,48168,56250,4206,16282,600,483
year-2004/2004_memorial/young,Harry_Chuck_and_Art,.jpg,0,0,0,16927,26711,22718,31020,422,600
year-2004/2004_memorial/young,harry_chuck_and_cousins,.JPG,0,0,0,38614,45344,23101,35061,594,400
year-2005/2005_12,05290001,.JPG,2005,4,0,47401,52173,21738,30369,618,410
year-2005/2005_12,Dec05_harry_mom,.jpg,1976,12,0,19402,29850,3209,12734,483,633
year-2005/2005_12,Dec05_mom_annika_harry,.jpg,0,0,0,38296,51199,13796,33086,640,513
year-2006/2006-02,feb06_group_shot,.jpg,2006,2,19,31829,35156,18203,23665,768,576
year-2006/2006-02,feb06_jeanne_harry,.jpg,2006,2,18,33791,46386,14745,34815,640,480
year-2006/2006-08,jul06_045,.jpg,2006,7,0,44477,48216,17432,22544,666,500
year-2006/2006-08,sep06_100_0299,.JPG,2006,9,3,26961,31094,21102,27524,666,500
year-2006/2006_emma,jul06_harry_emma_new_kitchen,.jpg,2006,0,0,18021,26521,14882,28398,640,480
year-2006/2006_mix1,africa_harry_annika,.jpg,0,0,0,26072,33883,20954,34033,646,466
year-2006/2006_mix1,harry_amman,.JPG,0,0,0,14017,20752,21845,27989,360,480
year-2006/2006_mix1,Jan06_harry_dave,.jpg,0,0,0,19736,37947,8634,30775,601,592
year-2006/2006_mix1,Jan06_new_orleans_1962,.jpg,0,0,0,47690,55428,23869,36337,830,615
year-2006/2006_mix1,Jan06_winter_64,.jpg,1964,0,0,21558,30525,10333,25115,687,501
year-2006/2006_mix2,Jan06_Harry_Annika_Wedding,.jpg,0,0,0,30316,37920,27104,38430,655,515
year-2006/2006_mix2,Jan06_Ingrid_Annika_Harry,.jpg,1986,6,0,45023,55429,19204,35990,655,488
year-2006/2006_regatta,Adult_Group_Shot,.jpg,2006,5,27,43514,45787,18197,22008,750,533
year-2006/2006_regatta,reg06_100_0109,.JPG,2006,5,27,10430,31980,0,33291,666,500
year-2006/2006_regatta,reg06_100_0114,.JPG,2006,5,27,39163,49594,19398,36044,666,500
year-2006/2006_regatta,reg06_100_0126,.JPG,2006,5,27,34834,39655,24247,34209,666,500
year-2006/2006_regatta,reg06_100_0129,.JPG,2006,5,27,36506,53530,17170,44432,666,500
year-2006/2006_regatta,reg06_100_0153,.JPG,2006,5,27,15153,32866,16514,44825,666,500
year-2006/2006_regatta,reg06_PICT0064,.JPG,2006,5,27,46444,57269,15073,32374,666,500
year-2006/2006_regatta,reg06_PICT0083,.JPG,2006,5,27,30602,35227,27917,35388,666,500
year-2007/2007-04_Mom,2007-04_Harrys_Back,.jpg,2007,4,0,4423,10321,19114,27961,800,600
year-2007/2007-04_Mom,2007-04_Harry_Patty,.jpg,2007,4,0,38174,49806,23810,42488,800,600
year-2007/2007-04_Mom,2007-04_Harry_Refresh,.jpg,2007,4,0,28507,41368,15946,36481,800,600
year-2007/2007-04_Mom,2007-04_Harry_Running,.jpg,2007,4,0,16793,18349,54722,57234,800,600
year-2007/2007-04_Mom,2007-04_Musketeers,.jpg,2007,4,0,14089,21216,24248,35607,800,600
year-2007/2007-04_Mom,2007-04_pic228,.jpg,2007,4,0,13270,20643,24247,36044,800,600
year-2007/2007-04_Mom,2007-04_pic229,.jpg,2007,4,0,15073,22281,25121,36481,800,600
year-2007/2007-04_Mom,2007-04_pic232,.jpg,2007,4,0,37600,45137,24902,36808,800,600
year-2007/2007-11,dan_harry_richmond_marathon,.jpg,2007,11,0,46740,61205,12189,35388,666,500
year-2007/2007-11,Harry_Marine_Corps_Marathon,.jpg,2007,11,0,31587,40500,9848,18561,500,692
year-2007/2007-11,oct07_122-2249_IMG,.JPG,2007,10,0,25092,34145,8781,23199,666,500
year-2007/2007-11,oct07_122-2250_IMG,.JPG,2007,10,0,31192,40147,9961,24379,666,500
year-2007/2007-11,oct07_122-2256_IMG,.JPG,2007,10,0,30405,42706,8519,24903,666,500
year-2007/2007-11,oct07_122-2257_IMG,.JPG,2007,10,0,31980,40540,9830,23461,666,500
year-2007/2007-ireland,2007-04-Harry_Smiling,.jpg,2007,4,0,14941,42859,8462,33652,500,666
year-2007/2007-mary,200701070047,.JPG,2007,1,7,5313,10135,14548,22412,666,500
year-2007/2007-mary,200701080051,.JPG,2007,1,8,52546,58450,18218,27524,666,500
year-2007/2007-memday,mem07_100_0745,.JPG,2007,5,26,42017,57072,18480,42597,666,500
year-2007/2007-memday,mem07_100_0753,.JPG,2007,5,26,24305,34341,30408,46529,666,500
year-2007/2007-memday,mem07_100_0770,.JPG,2007,5,26,9545,21451,21364,40500,666,500
year-2007/2007-memday,mem07_100_0771,.JPG,2007,5,26,1771,8659,16776,27786,666,500
year-2007/2007-memday,mem07_100_0773,.JPG,2007,5,26,25879,36703,18087,35388,666,500
year-2007/2007-memday,mem07_100_0842,.JPG,2007,5,27,29421,32275,22281,26869,666,500
year-2007/2007-memday,mem07_DSCN7333,.JPG,2007,5,0,28437,30996,22675,26607,666,500
year-2007/2007-scans,jul07_034_harry,.jpg,0,0,0,28619,39092,10485,26214,632,500
year-2007/2007-scans,jul07_grad_04,.jpg,0,0,0,34008,41361,19136,31718,713,500
year-2008/2008-01,jan08_001,.jpg,2007,12,28,14253,25886,3495,22282,800,600
year-2008/2008-01,jan08_003,.jpg,2007,12,28,8410,37573,0,28224,600,743
year-2008/2008-01,jan08_006,.jpg,2007,12,28,51117,58326,19223,30801,800,600
year-2008/2008-09,20080914_085746_1_4,.jpg,2008,9,14,40281,46440,20704,25712,532,785
year-2008/2008-09,20080914_085746_1_4,.jpg,2008,9,14,39789,44716,40239,46417,532,785
year-2008/2008-11,lilac042a,.jpg,2008,11,16,44914,48868,12412,17873,464,396
year-2008/2008-11,lilac044,.jpg,2008,11,16,29245,36699,17148,29053,800,600
year-2008/2008-11,lilac058,.jpg,2008,11,17,41204,48331,16384,27743,800,600
year-2008/2008-Pungello,Regata2008_042,.jpg,2008,5,24,31374,36290,34296,42160,800,600
year-2008/2008-scan1,scan08_dan_harry_rita_5_26_2007,.jpg,2007,5,26,23891,34172,30364,48496,886,600
year-2008/2008-scan1,scan08_gotta_regatta_5_26_07,.jpg,2007,5,26,587,7925,14199,27196,893,600
year-2008/2008-scan1,scan08_harry_and_young_emma,.jpg,0,0,0,29053,35170,22965,28246,600,819
year-2008/2008-scan1,scan08_harry_brian_carol_bill_5_26_2007,.jpg,2007,5,26,9011,21123,19769,41724,909,600
year-2008/2008-scan1,scan08_harry_emma_jeanne,.jpg,0,0,0,22993,34930,0,18349,818,600
year-2008/2008-scan1,scan08_linden_ohara_pose,.jpg,1986,6,14,25886,64442,763,33149,600,858
year-2008/2008-SJWedding/DavidCamera,2008-05-31_Motley_Crue,.JPG,2008,5,31,42280,49130,5024,15619,775,600
year-2008/2008-SJWedding/DavidCamera,2008-05-31_The_Advisors,.JPG,2008,5,31,25646,42617,6937,17586,502,800
year-2008/2008-SJWedding/MattCamera,SJ2008_matt_038,.jpg,2008,5,30,31565,35716,26705,29818,600,800
year-2008/2008-SJWedding/MattCamera,SJ2008_matt_039,.jpg,2008,5,30,32193,37026,14636,22391,800,600
year-2008/2008-SJWedding/MattCamera,SJ2008_matt_040,.jpg,2008,5,30,34815,38829,27306,32658,800,600
year-2008/2008-SJWedding/MattCamera,SJ2008_matt_054,.jpg,2008,5,30,13270,27688,0,22937,800,600
year-2008/2008-SJWedding/MattCamera,SJ2008_matt_068,.jpg,2008,5,31,25722,31292,19879,28944,800,600
year-2008/2008-SJWedding/MattCamera,SJ2008_matt_115,.jpg,2008,5,31,58530,61670,15946,21080,814,600
year-2008/2008-SJWedding/MattCamera,SJ2008_matt_122,.jpg,2008,5,31,8427,15674,8191,20315,832,600
year-2008/2008-SJWedding/MattCamera,SJ2008_matt_123,.jpg,2008,5,31,12042,18759,12779,23592,800,600
year-2008/2008-SJWedding/MattCamera,SJ2008_matt_124,.jpg,2008,5,31,39171,45409,15182,24794,788,600
year-2008/2008-SJWedding/MattCamera,SJ2008_matt_143,.jpg,2008,5,31,8765,19169,9175,25777,800,600
year-2008/2008-SJWedding/MomCamera,SJ2008_mom_089,.jpg,2008,5,30,20971,25067,24466,31129,800,600
year-2008/2008-SJWedding/MomCamera,SJ2008_mom_111,.jpg,2008,5,30,11846,18724,8410,17803,686,600
year-2008/2008-SJWedding/MomCamera,SJ2008_mom_112,.jpg,2008,5,30,25886,29081,19987,25012,800,600
year-2008/2008-SJWedding/MomCamera,SJ2008_mom_159,.jpg,2008,5,31,56172,59151,18786,23374,770,600
year-2008/2008-SJWedding/MomCamera,SJ2008_mom_172,.jpg,2008,5,31,14090,21954,5243,17913,800,600
year-2008/2008-SJWedding/PattyCamera,SJ2008_patty_046,.jpg,2008,5,31,53247,56360,16820,21845,800,600
year-2008/2008-SJWedding/PattyCamera,SJ2008_patty_051,.jpg,2008,5,31,41041,48823,15291,27852,800,600
year-2008/2008-SJWedding/PattyCamera,SJ2008_patty_161,.jpg,2008,6,1,32931,36371,22500,27961,800,600
year-2008/2008-SJWedding/PattyCamera,SJ2008_patty_167,.jpg,2008,6,1,13844,23674,17912,33641,800,600
year-2008/2008-SJWedding/PattyCamera,SJ2008_patty_168,.jpg,2008,6,1,32112,43253,15291,33095,800,600
year-2008/2008-SJWedding/PattyCamera,SJ2008_patty_173,.jpg,2008,6,1,48495,58653,18240,33859,800,600
year-2008/2008-SJWedding/Professional,sj_wedding_196,.jpg,2008,5,31,54782,57906,16383,21954,902,600
year-2008/2008-SJWedding/Professional,sj_wedding_197,.jpg,2008,5,31,55799,58778,18786,24029,902,600
year-2009/2009-NewYears,dec09d_PC310033,.JPG,2009,12,31,20206,34296,10649,23264,600,800
year-2009/2009-NewYears,dec09d_PC310034,.JPG,2009,12,31,32548,46420,5406,17776,600,800
year-2009/2009-NewYears,dec09d_PC310036,.JPG,2009,12,31,34886,46080,14345,24045,600,800
year-2009/2009-NewYears,dec09d_PC310056,.JPG,2009,12,31,27360,33422,9393,19223,800,600
year-2009/2009-NewYears,dec09d_PC310059,.JPG,2009,12,31,35716,43089,5898,17694,800,600
year-2009/2009-NewYears,dec09d_PC310062,.JPG,2009,12,31,21790,34405,5898,26104,800,600
year-2009/2009-scans,dec09_scan0003A,.jpg,0,0,0,21626,35170,25238,37857,600,779
year-2009/2009-scans,dec09_scan0004A,.jpg,0,0,0,11905,65425,6385,49256,600,934
year-2009/2009-scans,dec09_scan0011A,.jpg,0,0,0,6444,35716,7839,33159,600,836
year-2009/2009-scans,dec09_scan0018C,.jpg,0,0,0,16675,21928,14308,22500,786,600
year-2009/2009-scans,dec09_scan0022C,.jpg,0,0,0,14417,30801,34670,47354,600,775
year-2009/2009-scans,dec09_scan0023B,.jpg,0,0,0,16165,63678,2047,46591,600,768
year-2009/2009-scans,dec09_scan0026D,.jpg,0,0,0,22032,35461,14308,36262,815,600
year-2009/2009-scans,dec09_scan0028D,.jpg,0,0,0,38020,51555,13762,33531,736,600
year-2009/2009-scans,dec09_scan0036B,.jpg,0,0,0,20153,35377,10703,38228,904,600
year-2009/2009-scans,dec09_scan0037B,.jpg,0,0,0,17381,38323,2839,41396,920,600
year-2009/2009-scans,dec09_scan0038C,.jpg,0,0,0,27822,40664,0,16056,888,600
year-2009/2009-scans,dec09_scan0040C,.jpg,0,0,0,11250,27634,6589,17452,600,905
year-2009/2009-scans,dec09_scan0040D,.jpg,0,0,0,15704,40216,11468,55158,893,600
year-2009/2009-scans,dec09_scan0041C,.jpg,0,0,0,23194,33356,10922,29053,890,600
year-2009/2009-scans,dec09_scan0042C,.jpg,1952,0,0,31738,39159,13435,26760,892,600
year-2009/2009-scans,dec09_scan0046D,.jpg,0,0,0,10595,43362,0,24693,600,767
year-2009/2009-scans,dec09_scan0049A,.jpg,0,0,0,15619,57015,6510,45403,600,765
year-2009/2009-scans,dec09_scan0051A,.jpg,0,0,0,17476,64006,4546,48465,600,764
year-2009/2009-scans,dec09_scan0051B,.jpg,0,0,0,24248,48386,4380,23362,600,763
year-2009/2009-scans,dec09_scan0056E,.jpg,0,0,0,53301,60401,20424,28726,600,600
year-2009/2009-scans,dec09_scan0060B,.jpg,0,0,0,17968,23410,15182,24902,879,600
year-2009/2009-scans,dec09_scan0065A,.jpg,0,0,0,19551,29381,2758,11786,600,784
year-2009/2009-scans,dec09_scan0075A,.jpg,0,0,0,13921,63836,6129,47775,579,834
year-2009/2009-scans,dec09_scan0077B,.jpg,0,0,0,4561,58844,5546,54103,431,579
year-2009/2009-scans,dec09_scan0079C,.jpg,0,0,0,9755,59910,316,55087,571,621
year-2009/2009-scans,dec09_scan0086D,.jpg,0,0,0,8262,58404,4632,40942,579,962
year-2009/2009-scans,dec09_scan0087D,.jpg,0,0,0,6162,59846,1053,58370,553,622
year-2009/2009-scans,dec09_scan0087G,.jpg,0,0,0,12928,61188,0,57068,588,596
year-2009/2009-scans,dec09_scan0157A,.jpg,0,0,0,39830,46071,50680,60510,798,600
year-2009/2009-scans,dec09_scan0161B,.jpg,0,0,0,9393,65425,5393,52974,600,887
year-2009/2009-scans,dec09_scan0170A,.jpg,0,0,0,29734,32093,28616,32330,778,600
year-2009/2009-scans,dec09_scan0171A,.jpg,0,0,0,17357,19643,26869,30364,774,600
year-2009/2009-scans,dec09_scan0172B,.jpg,0,0,0,9174,65316,5828,52009,600,877
year-2009/2009-scans,dec09_scan0174A,.jpg,0,0,0,28289,43799,14957,28218,600,850
year-2009/2009-scans,dec09_scan0176B,.jpg,0,0,0,29955,36444,23920,31675,606,600
year-2009/2009-scans,jan09_small_06,.jpg,0,0,0,8628,25012,5302,15906,600,927
year-2009/2009-scans,OHaras_1965ish,.jpg,1965,0,0,16433,22372,5232,14203,662,526
year-2010/2010-12,dec10_027,.JPG,2010,12,26,33177,41532,20752,34077,800,600
year-2010/2010-12,dec10_030,.JPG,2010,12,26,38665,49888,12233,30145,800,600
year-2010/2010-12,dec10_Harry_and_David,.JPG,2010,12,30,28070,32112,25789,29461,600,803
year-2010/2010-howard/how-matt,scan0002a,.jpg,0,0,0,40850,45983,27306,33422,600,600
year-2010/2010-howard/how-matt,scan0002d,.jpg,0,0,0,33248,38487,29709,36153,613,600
year-2010/2010-howard/how-matt,scan0003a,.jpg,0,0,0,37121,42456,19879,26214,602,600
year-2010/2010-howard/how-matt,scan0003d,.jpg,0,0,0,33734,39428,21626,28616,610,600
year-2010/2010-howard/how-patty,apr10_Sidney029,.jpg,2010,4,11,37791,44782,9584,15891,600,800
year-2010/2010-howard/how-patty,apr10_Sidney033,.jpg,2010,4,11,45383,50544,15946,24248,800,600
year-2010/2010-howard/how-patty,apr10_Sidney034,.jpg,2010,4,11,45710,51772,11577,21189,800,600
year-2010/2010-howard/how-patty,apr10_Sidney035,.jpg,2010,4,11,44973,50953,10267,19879,800,600
year-2010/2010-howard/how-patty,apr10_Sidney042,.jpg,2010,4,11,39757,45826,21633,30995,800,600
year-2010/2010-howard/how-patty,apr10_Sidney058,.jpg,2010,4,12,37191,47185,0,10485,800,600
year-2010/2010-howard/how-patty,apr10_Sidney059,.jpg,2010,4,12,38829,52264,16383,37791,800,600
year-2010/2010-howard/how-patty,apr10_Sidney060,.jpg,2010,4,12,32931,46693,15837,37792,800,600
year-2010/2010-scan10,nov10e_img406c,.jpg,0,0,0,35498,41614,26129,30790,600,928
year-2010/2010-scan10,nov10e_img407b,.jpg,1963,6,0,28726,37464,16438,23410,600,893
year-2010/2010-scan10,nov10e_img408b,.jpg,0,0,0,15339,37286,0,36590,863,600
year-2010/2010-scan10,nov10e_img411b,.jpg,0,0,0,5351,59855,6515,52504,600,855
year-2010/2010-scan10,nov10e_img412a,.jpg,1958,0,0,23945,35918,2293,22281,832,600
year-2010/2010-scan10,nov10e_img413a,.jpg,1959,12,0,21795,26109,16711,24029,881,600
year-2010/2010-scan10,nov10e_img413b,.jpg,0,0,0,12451,49369,653,38555,600,702
year-2010/2010-scan10,nov10e_img416a,.jpg,0,0,0,38846,45729,19332,30146,857,600
year-2010/2010-scan10,nov10e_img417a,.jpg,1962,0,0,21820,28773,18677,31020,886,600
year-2010/2010-scan10,nov10e_img417b,.jpg,1964,1,0,20643,41177,2695,16293,600,1094
year-2010/2010-scan10,nov10e_img418b,.jpg,0,0,0,7150,10762,19223,25449,889,600
year-2010/2010-scan10,nov10e_img420,.jpg,0,0,0,24806,33026,3058,17476,885,600
year-2010/2010-scan10,nov10e_img422,.jpg,0,0,0,28616,44454,14396,27518,600,874
year-2010/2010-scan10,nov10e_img424a,.jpg,0,0,0,35248,42254,29272,43252,898,600
year-2010/2010-scan10,nov10e_img427c,.jpg,0,0,0,24247,29599,19767,26583,600,673
year-2010/2010-scan10,nov10e_img428a,.jpg,0,0,0,24029,28507,14120,19401,600,608
year-2010/2010-scan10,nov10e_img428b,.jpg,0,0,0,35367,42177,17257,26650,693,600
year-2010/2010-scan10,nov10e_img428d,.jpg,0,0,0,42309,52776,12997,25667,601,600
year-2010/2010-scan10,nov10e_img433b,.jpg,1964,4,0,25995,33859,16010,25082,600,614
year-2010/2010-scan10,nov10e_img434b,.jpg,0,0,0,21189,33641,10898,20851,600,902
year-2010/2010-scan10,nov10e_img437a,.jpg,0,0,0,25558,31675,21600,28625,600,625
year-2010/2010-scan10,nov10e_img437b,.jpg,0,0,0,33423,39867,21562,29068,600,620
year-2010/2010-scan11,nov10c_img007,.jpg,0,0,0,20643,38665,8694,24934,600,799
year-2010/2010-scan11,nov10c_img066,.jpg,1963,0,0,23508,38120,13434,39976,906,600
year-2010/2010-scan11,nov10c_img439c,.jpg,0,0,0,11140,54066,5091,43772,600,798
year-2010/2010-scan11,nov10c_img440,.jpg,0,0,0,11905,65206,3542,46789,600,888
year-2010/2010-scan2,jul10d_img016,.jpg,0,0,0,38683,51426,12888,31238,720,600
year-2010/2010-scan2,jul10d_img024,.jpg,0,0,0,9065,65425,6212,51403,600,960
year-2010/2010-scan3,aug10_pic0007,.JPG,1986,6,14,37911,40785,30473,34514,707,600
year-2010/2010-scan4,img101_Four_Boys,.jpg,0,0,0,30364,42270,14981,24211,600,923
year-2010/2010-scan4,img106_Harry,.jpg,0,0,0,17475,65425,4613,47235,600,838
year-2010/2010-scan4,img120_Harry,.jpg,0,0,0,6225,58981,1927,43333,600,918
year-2010/2010-scan4,img132_Harry,.jpg,0,0,0,11796,64442,3881,47098,600,878
year-2010/2010-scan4,img153_Harry,.jpg,0,0,0,14417,60619,2187,44924,600,779
year-2010/2010-scan4,img163_Harry_2nd_grade_1960,.jpg,1960,0,0,11796,57234,3693,42904,600,834
year-2010/2010-scan4,img171_Harry,.jpg,0,0,0,12233,65425,4681,49708,600,882
year-2010/2010-scan4,img183_Harry,.jpg,0,0,0,12560,52427,843,37785,600,777
year-2010/2010-scan4,img185_Harry,.jpg,0,0,0,16711,45983,343,28086,600,763
year-2010/2010-scan4,img192_Harry,.jpg,0,0,0,14417,59309,0,45893,600,694
year-2010/2010-scan4,img198_Harry,.jpg,0,0,0,29490,39648,20885,29846,600,819
year-2010/2010-scan4,img205_Harry,.jpg,0,0,0,8956,62476,1271,45186,600,876
year-2010/2010-scan4,img237_Harry,.jpg,0,0,0,5133,57998,5705,53063,600,804
year-2010/2010-scan4,img270_Harry,.jpg,0,0,0,9393,49151,6975,38652,600,902
year-2010/2010-scan4,img284_Summer_1962_Grandpa_Bea_Phyllis,.jpg,1962,0,0,48752,55508,23264,35498,902,600
year-2010/2010-scan4,img294_OHaras,.jpg,0,0,0,28508,44454,10548,25001,600,789
year-2010/2010-scan4,img296_Harry,.jpg,0,0,0,8082,23483,14849,28489,600,812
year-2010/2010-scan4,img304_OHaras,.jpg,0,0,0,37664,45468,6007,18896,823,600
year-2010/2010-scan4,img309_Harry,.jpg,0,0,0,11687,58107,7997,45763,600,885
year-2010/2010-scan8,nov10a_img043,.jpg,0,0,0,28180,44236,7626,22375,600,782
year-2010/2010-scan8,nov10a_img050,.jpg,0,0,0,15728,35498,13470,30573,600,866
year-2010/2010-scan8,nov10a_img071,.jpg,0,0,0,27961,43799,10032,24109,600,810
year-2010/2010-scan8,nov10a_img073,.jpg,0,0,0,9284,57670,2393,39841,600,931
year-2010/2010-scan8,nov10a_img074,.jpg,0,0,0,27525,42816,4580,19379,600,744
year-2010/2010-scan9,nov10b_img019,.jpg,0,0,0,28944,41942,25378,37023,600,816
year-2011/2011-01,2010-12-29_SNC00095,.jpg,2010,12,29,46488,53759,28534,40276,640,480
year-2011/2011-pat,sep11ny_035,.JPG,2011,9,30,26132,37436,11687,29927,800,600
year-2011/2011-pat,sep11ny_037,.JPG,2011,9,30,38665,43334,15619,23046,800,600
year-2011/2011-pat,sep11ny_061,.JPG,2011,9,30,8343,16330,4915,19660,919,600
year-2012/2012-01,2012-01-07_Breakfast,.jpg,2012,1,7,30801,35225,18786,25777,800,600
year-2012/2012-01,2012-01-07_Ready_to_Go,.jpg,2012,1,7,46976,53033,4369,14527,844,600
year-2012/2012-01,2012-01-07_UT_Exciting_basketball_game,.jpg,2012,1,7,8182,12458,8659,15055,801,600
year-2012/2012-01,2012-01-08_Five_of_Us_apres_jogging,.jpg,2012,1,8,34483,38474,15400,21954,821,600
year-2012/2012-01,2012-01-08_The_Whole_Gang,.jpg,2012,1,8,36208,45382,9393,24248,800,600
year-2012/2012-07,fam001,.jpg,2012,7,2,24897,31405,9721,21080,866,600
year-2012/2012-07,jul12a_003,.JPG,2012,7,2,22937,28999,17803,27524,800,600
year-2012/2012-07,jul12b_014,.JPG,2012,7,3,22036,32767,13762,31893,800,600
year-2012/2012-07,jul12f_005,.JPG,2012,6,30,18513,29654,14636,32767,800,600
year-2012/2012-07,jul12f_006,.JPG,2012,6,30,17202,26132,20752,35170,800,600
year-2012/2012-07,jul12f_011,.JPG,2012,7,1,42270,54066,12293,23173,600,789
year-2012/2012-07,jul12f_013,.JPG,2012,7,2,23592,29654,16602,26432,800,600
year-2012/2012-Carol,TimChuckPeterCraigDanHarryJan,.jpg,0,0,0,38728,45541,22718,34842,885,600
year-2012/2012-Charles,Charles_23,.JPG,0,0,0,30795,38835,29381,43471,864,600
year-2012/2012-Charles,Charles_33,.JPG,1984,0,0,24660,32255,23592,35388,768,600
year-2012/2012-Charles,Charles_34,.JPG,0,0,0,18392,31785,25230,41614,734,600
year-2012/2012-Charles,Charles_41,.JPG,0,0,0,29142,37647,1631,21482,470,241
year-2012/2012-Charles,Charles_44,.JPG,0,0,0,22372,25912,25340,31456,870,600
year-2012/2012-Charles,Charles_51,.JPG,1965,0,0,14043,20783,2133,12324,700,553
year-2012/2012-Charles,Charles_55,.JPG,1961,0,0,13793,23512,6225,24029,917,600
year-2012/2012-Favorites,1980-08-29_OHaras_again,.jpg,1980,8,29,4901,10992,27087,38556,936,600
year-2012/2012-Favorites,1980-08-29_OHara_Side,.jpg,1980,8,29,12138,16907,10813,19442,907,600
year-2012/2012-MemDay,mem12_pic002,.jpg,2012,5,0,18295,22846,27340,35721,720,477
year-2012/2012-MemDay,mem12_pic030,.jpg,2012,5,0,18124,23449,33765,43280,640,427
year-2012/2012-MemDay,mem12_pic031,.jpg,2012,5,0,31231,34508,22714,28546,640,427
year-2012/2012-MemDay,mem12_pic034,.jpg,2012,5,0,22732,32050,4642,19387,640,480
year-2012/2012-Portraits,Portrait1_OHaras_img035_Belgium,.jpg,0,0,0,14919,22516,17148,27961,716,600
year-2012/2012-Portraits,Portrait6_Five_img745,.jpg,0,0,0,27087,42488,13727,26911,600,845
year-2012/2012-Portraits,Portrait6_Harry_img734,.jpg,0,0,0,12560,63568,1347,45644,600,827
year-2012/2012-Portraits,Portrait6_Harry_img744,.jpg,0,0,0,8082,59199,1075,56047,600,670
year-2012/2012-Scans,Steve_Daisy_Wedding,.jpg,1980,8,29,4295,10529,25667,37573,946,600
year-2012/2012-Slides,Slides_01_003,.jpg,0,0,0,25461,36957,13980,27961,610,600
year-2012/2012-Slides,Slides_01_014,.jpg,0,0,0,35096,42245,23155,31784,605,600
year-2012/2012-Slides,Slides_01_015,.jpg,0,0,0,48528,55460,23374,31675,605,600
year-2012/2012-Slides,Slides_01_022,.jpg,0,0,0,34778,44342,25995,37791,603,600
year-2012/2012-Slides,Slides_01_025,.jpg,0,0,0,41407,48363,32985,41287,603,600
year-2012/2012-Slides,Slides_01_047,.jpg,1962,0,0,34733,43362,18681,25912,600,870
year-2012/2012-Slides,Slides_01_048,.jpg,1964,0,0,35716,48059,10018,20263,600,870
year-2012/2012-Slides,Slides_01_059,.jpg,1954,0,0,22500,31238,21204,28371,600,887
year-2012/2012-Slides,Slides_01_073,.jpg,0,0,0,37099,41468,10922,18131,885,600
year-2012/2012-Slides,Slides_01_074,.jpg,0,0,0,2295,6368,19005,26104,885,600
year-2012/2012-Slides,Slides_01_075,.jpg,0,0,0,50429,59791,3604,19114,833,600
year-2012/2012-Slides,Slides_01_078,.jpg,0,0,0,47568,53237,4259,14308,890,600
year-2012/2012-Slides,Slides_01_080,.jpg,0,0,0,28171,42405,12888,38119,884,600
year-2012/2012-Slides,Slides_01_093,.jpg,1962,0,0,27694,34211,13543,25012,885,600
year-2012/2012-Slides,Slides_01_094,.jpg,0,0,0,6886,15772,11140,26869,885,600
year-2012/2012-Slides,Slides_01_098,.jpg,0,0,0,27367,33507,16274,27087,886,600
year-2012/2012-Slides,Slides_01_100,.jpg,0,0,0,22336,28971,42597,54503,889,600
year-2012/2012-Slides,Slides_01_101,.jpg,1954,0,0,33098,37952,40522,49151,891,600
year-2012/2012-Slides,Slides_01_106,.jpg,1957,0,0,27570,35384,33859,44782,889,600
year-2012/2012-Slides,Slides_01_108,.jpg,1954,0,0,2285,7592,27852,37027,889,600
year-2012/2012-Slides,Slides_01_109,.jpg,1954,0,0,21059,30263,17475,28726,890,600
year-2012/2012-Slides,Slides_01_111,.jpg,1952,0,0,22826,27760,48823,57561,890,600
year-2012/2012-Slides,Slides_01_112,.jpg,1952,0,0,38511,44917,21408,32767,890,600
year-2012/2012-Slides,Slides_01_114,.jpg,1957,6,21,30779,41456,7864,26869,890,600
year-2012/2012-Slides,Slides_01_116,.jpg,0,0,0,13589,21552,18349,32439,897,600
year-2013/2013-03,mar13_DSC_0146,.JPG,2013,3,9,15666,27749,11483,33073,640,428
year-2013/2013-05,Regatta_13_020,.JPG,2013,5,25,36617,49478,2402,23155,800,600
year-2013/2013-05,Regatta_13_022,.JPG,2013,5,25,45382,57343,15509,34624,800,600
year-2013/2013-05,Regatta_13_023,.JPG,2013,5,25,31456,43580,28289,47731,800,600
year-2013/2013-07,Harry_III_portrait,.jpg,0,0,0,14854,55377,4655,44585,600,732
year-2013/2013-11,2013-11-28_Claudia,.JPG,2013,11,28,43089,48495,27306,36044,800,600
year-2014/1966-67-68_Westhill_Yearbooks,1966_Harry_Westhill_8th_grade,.jpg,1966,0,0,44048,47808,6062,16167,488,227
year-2014/1966-67-68_Westhill_Yearbooks,1967_Chuck_Harry_Westhill_JH_Wrestling,.jpg,1967,0,0,25268,28375,13272,19079,485,316
year-2014/1966-67-68_Westhill_Yearbooks,1967_Harry_Westhill_9th_grade,.jpg,1967,0,0,23221,27091,2662,10239,508,320
year-2014/1966-67-68_Westhill_Yearbooks,1968_Harry_Westhill_10th_grade,.jpg,1968,0,0,21508,25093,780,10922,585,252
year-2014/1966-67-68_Westhill_Yearbooks,1968_Harry_Westhill_JV_Cross_Country,.jpg,1968,0,0,12893,18115,9945,17977,615,514
year-2014/2014-07,2014_Memorial_Regatta_Crowd,.jpg,2014,5,0,44360,46373,25121,28398,814,600
year-2014/2014-Matt,jun14f_img043,.jpg,0,0,0,37379,41678,17257,25995,945,600
year-2014/2014-Matt2,jun14g_img022,.jpg,0,0,0,18836,24251,21189,30364,835,600
year-2014/2014-mom3,feb14b_img019,.jpg,0,0,0,17173,21793,12233,20097,851,600
year-2014/2014-mom3,feb14b_img024,.jpg,0,0,0,9174,51663,0,36741,600,808
year-2014/2014-mom4,handa86_010,.jpg,1986,6,0,14963,18568,27989,31754,600,679
year-2014/2014-mom4,handa86_013,.jpg,1986,6,0,26760,32221,17138,22981,600,673
year-2014/2014-mom4,handa86_028,.jpg,1986,6,0,28234,31477,19006,24199,845,600
year-2014/2014-mom4,handa86_029,.jpg,1986,6,0,37349,46436,21517,34406,851,600
year-2014/2014-mom4,handa86_031,.jpg,1986,6,0,37004,55117,10594,41068,843,600
year-2014/2014-mom4,handa86_032,.jpg,1986,6,0,36202,45079,11031,26214,849,600
year-2014/2014-mom4,handa86_049,.jpg,1986,6,0,31490,35823,26214,33641,847,600
year-2014/2014-mom4,handa86_051,.jpg,1986,6,0,22771,27788,19988,27087,849,600
year-2014/2014-mom4,handa86_053,.jpg,1986,6,0,20609,26630,25121,33641,849,600
year-2014/2014-mom4,handa86_059,.jpg,1986,6,0,25164,34735,18568,32112,849,600
year-2014/2014-mom5,jun14a_img013,.jpg,1980,8,0,20461,26614,15619,26432,884,600
year-2014/2014-mom5,jun14a_img025,.jpg,1980,8,0,40477,46704,37573,48495,884,600
year-2014/2014-mom5,jun14a_img031,.jpg,1980,8,0,40977,46155,20861,32658,886,600
year-2014/2014-mom5,jun14a_img033,.jpg,0,0,0,8453,31420,10922,51226,876,600
year-2014/2014-mom5,jun14a_img038,.jpg,1980,8,0,47430,56557,29490,45437,876,600
year-2014/2014-mom5,jun14a_img043,.jpg,1980,8,0,38069,47641,33968,51008,890,600
year-2014/2014-mom5,jun14a_img061,.jpg,1980,8,0,17372,33814,17039,44891,845,600
year-2014/2014-mom5,jun14a_img065,.jpg,1980,8,0,5506,15201,17257,33532,845,600
year-2014/2014-mom5,jun14a_img066,.jpg,1980,8,0,11090,15045,7318,13980,845,600
year-2014/2014-mom5,jun14a_img071,.jpg,1980,8,0,15511,25438,26213,43034,845,600
year-2014/2014-mom5,jun14a_img081,.jpg,1980,8,0,23256,35886,20861,42270,851,600
year-2014/2014-mom5,jun14a_img085,.jpg,1980,8,0,48395,53824,14854,23920,845,600
year-2014/2014-mom5,jun14a_img194,.jpg,0,0,0,24159,34528,22172,33750,670,600
year-2014/2014-mom6,jun14b_img047,.jpg,0,0,0,9830,57998,0,48339,600,686
year-2014/2014-mom6,jun14b_img048,.jpg,0,0,0,38103,44602,15619,29272,958,600
year-2014/2014-mom6,jun14b_img049,.jpg,0,0,0,12136,23665,14199,34078,864,600
year-2014/2014-mom6,jun14b_img050,.jpg,1967,7,0,13325,26104,6669,17682,600,845
year-2014/2014-mom6,jun14b_img051,.jpg,0,0,0,30091,35598,20752,30036,845,600
year-2014/2014-mom6,jun14b_img052,.jpg,0,0,0,25230,39321,17834,30890,600,768
year-2014/2014-mom6,jun14b_img053,.jpg,0,0,0,26384,33502,24466,36481,847,600
year-2014/2014-mom6,jun14b_img060,.jpg,0,0,0,24828,29576,24684,31675,842,600
year-2014/2014-mom6,jun14b_img070,.jpg,0,0,0,11886,23290,1201,19769,816,600
year-2014/2014-mom6,jun14b_img071,.jpg,0,0,0,34651,42792,9721,27415,974,600
year-2014/2014-mom6,jun14b_img075,.jpg,0,0,0,28835,34219,983,10922,925,600
year-2014/2014-mom6,jun14b_img079,.jpg,0,0,0,29722,39733,20534,33313,635,600
year-2014/2014-mom6,jun14b_img082,.jpg,0,0,0,28988,38650,16929,33204,841,600
year-2014/2014-mom6,jun14b_img086,.jpg,0,0,0,12233,65316,2021,52141,600,778
year-2014/2014-mom6,jun14b_img101,.jpg,1970,8,0,33955,39304,8082,16383,772,600
year-2014/2014-mom6,jun14b_img106,.jpg,1970,8,0,29178,33093,19005,25340,703,600
year-2014/2014-mom6,jun14b_img118,.jpg,0,0,0,23091,31814,17366,32985,894,600
year-2014/2014-mom7,jun14c_img003,.jpg,0,0,0,11276,57831,0,45265,587,721
year-2014/2014-mom7,jun14c_img032,.jpg,0,0,0,10704,53629,0,38290,600,801
year-2014/2014-mom8,jun14d_img019,.jpg,0,0,0,30717,41007,13762,31129,847,600
year-2014/2014-mom8,jun14d_img022,.jpg,0,0,0,33611,48422,24575,49915,854,600
year-2014/2014-mom8,jun14d_img025,.jpg,0,0,0,12918,21844,23374,35826,837,600
year-2014/2014-mom8,jun14d_img035,.jpg,0,0,0,29308,42446,8519,30692,843,600
year-2014/2014-mom8,jun14d_img040,.jpg,0,0,0,31962,37481,18568,28070,855,600
year-2014/2014-mom8,jun14d_img042,.jpg,0,0,0,39091,51661,7645,29163,855,600
year-2014/2014-mom8,jun14d_img050,.jpg,0,0,0,19975,34726,17803,43034,853,600
year-2014/2014-mom8,jun14d_img052,.jpg,0,0,0,37416,51063,18677,42488,874,600
year-2014/2014-mom8,jun14d_img054,.jpg,0,0,0,31516,41369,30364,46748,838,600
year-2014/2014-mom8,jun14d_img055,.jpg,0,0,0,28349,38644,21626,39321,853,600
year-2014/2014-mom8,jun14d_img056,.jpg,0,0,0,32103,46475,7099,31019,839,600
year-2014/2014-mom8,jun14d_img065,.jpg,0,0,0,25449,37464,15167,28140,600,687
year-2014/2014-mom8,jun14d_img071,.jpg,0,0,0,13294,24840,16492,40740,1050,600
year-2014/2014-mom8,jun14d_img102,.jpg,0,0,0,23044,36948,25667,44345,674,600
year-2014/2014-mom8,jun14d_img124,.jpg,0,0,0,13832,35846,2359,33039,646,600
year-2015/2015-04,2015-04-25_IMG_0260,.JPG,2015,4,25,32153,40959,11471,24041,640,537
year-2015/2015-10,2015-10_Harry_chillin,.jpg,2015,10,26,29709,39867,8847,18104,600,800
year-2015/2015-12,2015-12-27_Harry_Annika,.jpg,2015,12,27,10103,21845,14438,24985,480,640
year-2015/2015-MemDay,2015-05-25_pic002,.JPG,2015,5,25,31665,37133,15291,24029,803,600
year-2015/2015-MemDay,Regatta2015-108,.jpg,2015,5,24,33745,35772,25230,28944,905,600
year-2015/2015-MemDay,Regatta2015-110,.jpg,2015,5,24,34469,36641,21626,25667,905,600
year-2015/2015-MemDay,Regatta2015-119,.jpg,2015,5,24,26432,28981,16929,21408,900,600
year-2015/2015-Scan2,scan2015_2_img002,.jpg,1974,0,0,28193,39116,18022,38884,960,600
year-2015/2015-Scan2,scan2015_2_img004,.jpg,0,0,0,26978,44563,17590,32689,600,842
year-2015/2015-Scan2,scan2015_2_img013,.jpg,0,0,0,15816,21064,7645,17257,924,600
year-2015/2015-Scan2,scan2015_2_img014,.jpg,0,0,0,5242,58216,4477,49402,600,849
year-2015/2015-Scan2,scan2015_2_img018,.jpg,0,0,0,27743,42488,14952,28794,600,767
year-2015/2015-Scan2,scan2015_2_img020,.jpg,1962,10,17,19893,24690,6881,15837,929,600
year-2015/2015-Scan2,scan2015_2_img021,.jpg,1952,3,0,25012,31893,36695,44054,600,659
year-2015/2015-Scan2,scan2015_2_img022,.jpg,1952,6,0,15073,58216,1781,46221,600,699
year-2015/2015-Scan2,scan2015_2_img023,.jpg,1952,6,0,21408,34842,24424,38127,600,703
year-2015/2015-Scan2,scan2015_2_img034,.jpg,0,0,0,23374,38774,3042,16305,600,840
year-2015/2015-Scan2,scan2015_2_img035,.jpg,0,0,0,7448,16537,6990,22500,959,600
year-2015/2015-Scan2,scan2015_2_img038,.jpg,0,0,0,16282,21603,13106,21735,813,600
year-2015/2015-Scan2,scan2015_2_img040,.jpg,0,0,0,42392,48809,4041,16492,960,600
year-2015/2015-Scan2,scan2015_2_img041,.jpg,1961,0,0,38835,42779,14417,21080,864,600
year-2015/2015-Scan2,scan2015_2_img042,.jpg,0,0,0,10989,18494,35498,50134,978,600
year-2015/2015-Scan2,scan2015_2_img043,.jpg,1956,0,0,47086,58031,20206,41068,952,600
year-2015/2015-Scan2,scan2015_2_img046,.jpg,0,0,0,19827,33950,12342,38884,942,600
year-2015/2015-Scan2,scan2015_2_img421,.jpg,0,0,0,18075,26000,10704,22281,736,600
year-2015/2015-Scan2,scan2015_2_img424,.jpg,1952,9,0,19332,53629,7128,34549,600,901
year-2015/2015-Scan2,scan2015_2_img425,.jpg,1952,9,0,19047,25031,42816,53629,898,600
year-2015/2015-Scan5,1990_41_shane_harry_and_annika,.JPG,1990,0,0,34296,42160,24254,38068,600,408
year-2016/2016-02,2016-02-20_Mom_02,.jpg,2016,2,20,16238,44054,0,40304,900,600
year-2016/2016-04,IMG_20160407_200756,.jpg,2016,4,7,35146,47040,4587,25012,854,600
year-2016/2016-04,IMG_20160407_201706,.jpg,2016,4,7,34078,37109,9721,14636,800,600
year-2016/2016-05,IMG_20160529_150000,.jpg,2016,5,29,35170,36990,14636,18022,900,600
year-2016/2016-Regatta,MW2016-0140,.jpg,2016,5,28,30883,43089,12670,32112,800,600
year-2016/2016-Regatta,MW2016-0150,.jpg,2016,5,28,11213,22354,10267,30364,900,600
year-2016/2016-Regatta,MW2016-0175,.jpg,2016,5,28,55049,63241,19114,32330,800,600
year-2016/2016-Regatta,MW2016-0214,.jpg,2016,5,28,14927,29126,20861,46311,900,600
year-2016/2016-Regatta,MW2016-0283,.jpg,2016,5,28,28343,42761,9830,32985,800,600
year-2016/2016-scans2,Harry_aha_scanned_2016,.jpg,0,0,0,33033,48409,0,19332,861,600
year-2016/2016-scans2,Harry_bagel_scanned_2016,.jpg,0,0,0,42514,49760,24903,39648,1022,600
year-2016/2016-scans2,Harry_huh_scanned_2016,.jpg,0,0,0,22509,40811,873,33422,888,600
year-2016/2016-scans2,Harry_mugshot_scanned_2016,.jpg,0,0,0,4587,57780,5246,58999,600,712
year-2016/2016-scans2,Harry_runner_scanned_2016,.jpg,2000,4,30,20534,34951,11308,21756,600,991
year-2016/2016-scans2,Harry_whut_scanned_2016,.jpg,0,0,0,8014,24790,218,26214,875,600
year-2016/2016-scans2,Regatta_pointing_scanned_2016,.jpg,0,0,0,32537,36801,27743,36262,999,600
year-2016/2016_LandS,LandS_795,.jpg,2016,4,8,22063,27087,23374,32330,900,600
year-2016/2016_Running,Harry_post_marathon_with_Emma_pdf,.jpg,0,0,0,21589,37685,11485,26349,513,485
year-2017/2017-06,2017-06_IMG_2621,.JPG,2017,6,0,4259,35388,3385,53083,800,600
year-2017/2017-06,Annika_Emma_Harry_Harvard,.jpg,2017,6,0,38414,49492,6662,26869,911,600
year-2017/2017-09,IMG_20170930_133152,.jpg,2017,9,30,25640,28180,28726,32767,800,600
year-2017/2017-09,IMG_20170930_140524,.jpg,2017,9,30,43171,49970,7536,18022,800,600
year-2017/2017-11,2017-11-27_David_Harry_Dan_and_Mom,.jpg,2017,11,27,22555,37073,10704,33968,799,600
year-2018/2018-09,IMG_20180922_151056,.jpg,2018,9,22,28917,37518,9065,22828,800,600
year-2018/2018-09,IMG_20180922_154227,.jpg,2018,9,22,26760,32658,19824,25067,600,800
year-2018/2018-12,2018-12-20_Harry_Mike_Dan,.jpg,2018,12,20,21053,26050,9611,17585,800,600
year-2019/2019-07,IMG_20190705_125902,.jpg,2019,7,5,27415,36371,11140,19414,600,800
year-2019/2019-07,IMG_20190705_131538,.jpg,2019,7,5,24657,28507,7973,14199,800,600
year-2019/2019-07,IMG_20190705_132403,.jpg,2019,7,5,47682,55235,19442,32330,859,600
year-2019/2019-07,IMG_20190705_132409,.jpg,2019,7,5,39566,43498,19114,25012,800,600
year-2020/2020-11,2020-11-22_Family_Meeting,.jpg,2020,11,22,31325,38339,50789,62476,841,600
year-2020/2020-12,2020-12-11_Harry_and_Santa_Dan,.jpg,2020,12,11,17202,28466,11195,29217,640,480
year-2020/2020-yearbooks,1967_Westhill_Harry_colorized,.jpg,1967,0,0,24903,28726,35424,38886,600,814
year-2020/2020-yearbooks,1968_Westhill_Harry_2_colorized,.jpg,1968,0,0,13325,19223,7049,11852,600,846
year-2020/2020-yearbooks,1968_Westhill_Harry_colorized,.jpg,1968,0,0,20097,24029,21014,24205,600,842
year-2021/2021-05,2021-05-14_Five_Boys,.jpg,2021,5,14,47185,51772,10704,17912,800,600
year-2021/2021-05,2021-05-14_Four_Boys,.jpg,2021,5,14,42597,50025,16465,23264,600,800
year-2021/2021-05,PXL_20210508_200333477,.jpg,2021,5,8,29982,38993,7645,22281,800,600
year-2021/2021-05,PXL_20210508_200757539,.jpg,2021,5,8,30595,44687,5242,24466,679,600
year-2021/PostStandard/Harry_news,1986-11-30_Harry_Annika_wedding,.png,1986,11,30,39321,61051,7961,14077,190,675
year-2021/PostStandard/Harry_news,2001-10-09_Harry_State_Dept,.png,2001,10,9,40948,44731,44991,47934,934,1200
years-1980-1990/1980-81,21_harry_and_art,.JPG,0,0,0,9174,23498,24649,46218,700,553
years-1980-1990/1980-81,22_harry_carolyn,.jpg,0,0,0,36481,53301,9795,35319,600,475
years-1980-1990/1980-88,78_harry,.jpg,0,0,0,32423,38954,17585,25121,572,600
years-1980-1990/1980_syr,07_harry1,.JPG,1980,5,0,21106,41537,13481,37354,680,700
years-1980-1990/1980_wedding/album,wedding_6,.JPG,1980,8,29,5679,11796,21898,32607,600,410
years-1980-1990/1980_wedding/more_wedding,harry_jeanne_and_art,.JPG,1980,8,29,14043,23499,14146,28898,700,542
years-1980-1990/1982,18_harry,.jpg,1982,0,0,27306,36808,20845,35694,600,459
years-1980-1990/1982,18_harry2,.JPG,1982,0,0,26432,33204,30690,40741,600,489
years-1980-1990/1984-1985,93_harry_shane_and_robin,.JPG,0,0,0,32105,40600,24266,39453,594,397
years-1980-1990/1985-1986,10_harry,.JPG,0,0,0,36481,44673,30084,44557,600,403
years-1980-1990/1985-1986,10_Harry_w_shane_robin,.jpg,0,0,0,29818,40631,25602,44602,600,407
years-1980-1990/1985-1986,54_bunch_of_people,.JPG,0,0,0,15092,18627,29599,32985,482,600
years-1980-1990/1986-1987,48_annika_and_harry,.JPG,1987,0,0,39976,47294,26375,39321,600,405
years-1980-1990/1988-89,20_harry_music_and_book,.JPG,0,0,0,45109,56578,15447,34795,600,420
years-1980-1990/1988-89,22_harry,.JPG,0,0,0,22718,32658,11060,29218,600,397
years-1980-1990/1989,92_family_discussion,.JPG,1989,0,0,48391,52953,30032,37153,600,402
years-1980-1990/1989,93_harry_and_kids,.JPG,1989,0,0,29272,40413,19909,40316,600,395
years-1980-1990/1989,93_harry_and_kids1,.JPG,1989,0,0,27743,34405,29482,40698,600,409
years-1980-1990/1989,94_harry1,.JPG,1989,0,0,28131,41490,26317,36121,394,600
years-1990-1996/1990-91,9091_pg079_harry_expecting,.jpg,1991,0,0,23461,36437,13525,23822,500,751
years-1990-1996/1990-91,9091_pg080_new_emma,.jpg,1991,0,0,32966,45248,22704,43036,651,500
years-1990-1996/1990-91,9091_pg080_new_poppa_harry,.jpg,1991,0,0,25165,47447,11121,29872,500,713
years-1990-1996/1990-91,9091_pg081_hanny_annike_colunbia_masters,.jpg,0,0,0,21218,31872,11140,29883,732,500
years-1990-1996/1990-91,9091_pg082_wheaton_maryland,.jpg,0,0,0,29228,33684,26425,30036,500,744
years-1990-1996/1991-92,9192_pg057_harry_annika_emma,.jpg,0,0,0,16921,31131,13238,37092,701,500
years-1990-1996/1991-92,9192_pg059_harry,.jpg,0,0,0,13238,44563,9792,36910,500,696
years-1990-1996/1991-92,9192_pg069_ahrry_annika_emma,.jpg,0,0,0,17740,32379,14548,38403,676,500
years-1990-1996/1991-92,9192_pg074_harry,.jpg,0,0,0,20479,44256,8650,46136,656,500
years-1990-1996/1991-92,9192_pg074_harry_annika_emma,.jpg,0,0,0,11186,27130,4325,32767,744,500
years-1990-1996/1994-95,9495_pg006_steve_lena_harry,.jpg,0,0,0,43559,55963,12713,32636,671,500
years-1990-1996/1994-95,9495_pg007_harry_carolyn,.jpg,0,0,0,5590,12113,18087,29490,633,500
years-1990-1996/1995-96,9596_pg081_the_harrys,.jpg,1996,7,3,23723,32243,17004,24081,500,713
years-1990-1996/1995-96,9596_pg081_the_harrys_and_steve,.jpg,1996,7,3,32636,42990,12755,21111,500,745
years-1990-1996/1995-Germany,95ger_p074b,.jpg,1995,8,1,15303,23135,13238,27131,728,500
years-1990-1996/1995-Germany,95ger_p074c,.jpg,1995,8,1,15921,19311,13893,19136,638,500
years-1996-2001/1996-97,96-97_pg88_oharas,.jpg,1997,8,2,21954,27524,24018,33880,600,412
years-1996-2001/1996-97,96-97_pg91_supper,.jpg,1997,8,2,30923,36937,23927,36837,600,414
years-1996-2001/1996-97,96-97_pg94_oharas,.jpg,1997,8,2,20315,25886,25414,35165,600,410
years-1996-2001/1997-98,9798_p40_harry_matt_emma_pop,.jpg,0,0,0,25717,28696,33058,38447,660,450
years-1996-2001/1997-98,9798_p40_pop_annika_emma_harry,.jpg,0,0,0,37261,42316,19660,28398,700,480
years-1996-2001/1998-99b,98-99_pg055_oharas1,.jpg,1999,3,28,16407,21749,12451,21364,687,500
years-1996-2001/2000-01,00-01_pg092_oharas,.jpg,2001,6,11,5180,12260,14548,27524,759,500
years-1996-2001/2000-01,00-01_pg100_church,.jpg,2001,6,11,13868,16629,29677,34116,709,500
years-2001-2003/2001_fiftieth,Priceless_Large,.JPG,2001,6,11,24275,27460,16776,22019,1420,1000
years-2001-2003/2001_fiftieth,SixOfSeven,.JPG,2001,6,11,5352,12014,14468,27065,600,385
years-2001-2003/2001_fiftieth,The_Whole_Gang,.jpg,2001,6,11,5461,10922,17952,28584,600,376
years-2001-2003/2001_fiftieth,Witnesses,.JPG,2001,6,11,13775,16427,30215,34331,600,420
years-2001-2003/2002_07,jul02_iimg012,.jpg,2002,7,0,20858,25366,30146,38774,974,600
years-2001-2003/2002_07,jul02_iimg013,.jpg,2002,7,0,18733,23800,25777,35716,983,600
years-2001-2003/2002_07,jul02_iimg016,.jpg,2002,7,0,27633,35935,14200,20267,600,983
years-2001-2003/2002_07,jul02_iimg017,.jpg,2002,7,0,29599,38556,9800,16267,600,983
years-2001-2003/2002_syr,07_HarryAnnikaEmma,.JPG,2002,7,8,22250,35809,1748,11316,377,637
years-2001-2003/2003_04,Harry,.jpg,0,0,0,32639,38655,19114,28671,512,384
years-2001-2003/2003_04,Harry_and_Emma,.jpg,0,0,0,28330,39935,19711,30079,384,512
years-2001-2003/2003_04,Xavi_Harry_Daisy,.jpg,0,0,0,29883,38665,14679,28835,500,375
years-2001-2003/2003_07,David_Books,.jpg,0,0,0,44454,52428,33495,46311,600,450
years-2001-2003/2003_07,Harry_Books,.JPG,0,0,0,23155,49806,873,43689,600,450
